data;horario;n_da_ocorrencia;tipo_de_ocorrencia;km;trecho;sentido;tipo_de_acidente;automovel;bicicleta;caminhao;moto;onibus;outros;tracao_animal;transporte_de_cargas_especiais;trator_maquinas;utilitarios;ilesos;levemente_feridos;moderadamente_feridos;gravemente_feridos;mortos
"30/06/2025";"18:54:21";"295";"Com vítima";"347,800";"BR-277/PR";"Crescente";"Tombamento";0;0;1;0;0;0;0;0;0;0;0;1;0;0;0
"01/07/2025";"08:28:00";"119";"Com vítima";"588,120";"BR-277/PR";"Decrescente";"Colisão traseira";1;0;1;0;0;0;0;0;0;0;1;2;0;0;0
"01/07/2025";"08:59:48";"137";"Com vítima";"421,459";"BR-277/PR";"Crescente";"Colisão traseira";1;0;1;0;0;0;0;0;0;0;1;0;0;1;0
"01/07/2025";"09:13:25";"144";"Sem vítima";"526,600";"182/PR";"Decrescente";"Colisão traseira";2;0;0;0;0;0;0;0;0;0;2;0;0;0;0
"01/07/2025";"18:25:20";"300";"Sem vítima";"501,500";"180/PR";"Crescente";"Colisão traseira";2;0;0;0;0;0;0;0;0;1;4;0;0;0;0
"01/07/2025";"21:37:45";"332";"Sem vítima";"406,400";"BR-277/PR";"Decrescente";"Colisão traseira";2;0;0;0;0;0;0;0;0;0;6;0;0;0;0
"02/07/2025";"07:20:21";"66";"Sem vítima";"704,100";"BR-277/PR";"Crescente";"Colisão traseira";1;0;0;0;0;0;0;0;0;0;10;0;0;0;0
"02/07/2025";"08:13:56";"95";"Sem vítima";"6,300";"483/PR";"Crescente";"Colisão traseira";2;0;0;0;0;0;0;0;0;0;4;0;0;0;0
"02/07/2025";"09:26:16";"141";"Sem vítima";"589,237";"BR-277/PR";"Crescente";"Colisão traseira";0;0;1;0;0;0;0;1;0;0;3;0;0;0;0
"02/07/2025";"10:53:55";"172";"Com vítima";"674,200";"BR-277/PR";"Decrescente";"Choque";1;0;0;0;0;0;0;0;0;0;0;1;0;0;0
"02/07/2025";"13:48:22";"224";"Sem vítima";"692,905";"BR-277/PR";"Decrescente";"Colisão traseira";1;0;0;0;1;0;0;0;0;0;1;0;0;0;0
"02/07/2025";"18:14:19";"302";"Com vítima";"729,010";"BR-277/PR";"Crescente";"Colisão traseira";0;0;0;1;0;0;0;0;0;0;0;2;0;0;0
"02/07/2025";"18:44:52";"311";"Com vítima";"437,900";"BR-277/PR";"Decrescente";"Tombamento";0;0;1;0;0;0;0;0;0;0;0;2;0;0;0
"02/07/2025";"18:51:00";"313";"Com vítima";"729,010";"BR-277/PR";"Decrescente";"Atropelamento de pedestre";1;0;0;0;0;0;0;0;0;0;1;1;0;0;0
"02/07/2025";"21:40:06";"361";"Com vítima";"594,010";"BR-277/PR";"Crescente";"Colisão traseira";1;0;0;0;0;0;0;1;0;1;10;2;0;0;0
"03/07/2025";"02:15:27";"61";"Com vítima";"724,200";"BR-277/PR";"Decrescente";"Colisão traseira";1;0;0;1;0;0;0;0;0;0;1;1;0;0;0
"03/07/2025";"06:40:00";"98";"Sem vítima";"166,500";"BR-163/PR";"Decrescente";"Choque";0;0;1;0;0;0;0;0;0;0;1;0;0;0;0
"03/07/2025";"08:00:34";"125";"Com vítima";"593,200";"BR-277/PR";"Decrescente";"Colisão traseira";2;0;0;0;0;0;0;0;0;0;2;1;0;0;0
"03/07/2025";"08:40:58";"145";"Sem vítima";"593,200";"BR-277/PR";"Decrescente";"Colisão traseira";2;0;1;0;0;0;0;0;0;0;3;0;0;0;0
"03/07/2025";"11:28:56";"220";"Com vítima";"422,000";"BR-277/PR";"Decrescente";"Colisão traseira";2;0;0;0;0;0;0;0;0;0;1;1;0;0;0
"03/07/2025";"14:37:33";"266";"Com vítima";"383,700";"BR-277/PR";"Decrescente";"Colisão traseira";2;0;0;0;0;0;0;0;0;0;3;3;0;0;0
"03/07/2025";"16:49:07";"313";"Sem vítima";"466,800";"BR-277/PR";"Crescente";"Tombamento";0;0;1;0;0;0;0;0;0;0;1;0;0;0;0
"04/07/2025";"07:31:34";"97";"Com vítima";"397,320";"BR-277/PR";"Crescente";"Capotamento";1;0;0;0;0;0;0;0;0;0;0;1;0;0;0
"04/07/2025";"08:55:04";"137";"Sem vítima";"314,587";"BR-277/PR";"Crescente";"Colisão traseira";0;0;2;0;0;0;0;0;0;0;3;0;0;0;0
"04/07/2025";"11:17:12";"186";"Sem vítima";"729,000";"BR-277/PR";"Crescente";"Colisão traseira";0;0;1;0;0;0;0;0;0;0;2;0;0;0;0
"04/07/2025";"13:34:32";"213";"Com vítima";"687,670";"BR-277/PR";"Crescente";"Colisão traseira";2;0;0;0;0;0;0;0;0;0;1;0;0;1;1
"04/07/2025";"15:40:32";"244";"Com vítima";"228,800";"280/PR";"Crescente";"Colisão traseira";1;0;0;1;0;0;0;0;0;0;1;1;0;0;0
"04/07/2025";"18:25:57";"315";"Sem vítima";"413,100";"BR-277/PR";"Crescente";"Tombamento";0;0;1;0;0;0;0;0;0;0;1;0;0;0;0
"04/07/2025";"19:55:07";"340";"Sem vítima";"584,270";"BR-277/PR";"Decrescente";"Colisão traseira";1;0;1;0;0;0;0;0;0;0;3;0;0;0;0
"04/07/2025";"23:39:38";"396";"Com vítima";"520,800";"BR-277/PR";"Decrescente";"Colisão traseira";1;0;1;0;0;0;0;0;0;0;1;1;0;0;0
"05/07/2025";"01:43:45";"38";"Sem vítima";"722,000";"BR-277/PR";"Crescente";"Choque";1;0;0;0;0;0;0;0;0;0;1;0;0;0;0
"05/07/2025";"03:31:14";"51";"Com vítima";"680,243";"BR-277/PR";"Decrescente";"Capotamento";1;0;0;0;0;0;0;0;0;1;1;0;1;1;0
"05/07/2025";"04:27:22";"54";"Sem vítima";"707,150";"BR-277/PR";"Crescente";"Acidentes de outra natureza";1;0;0;0;0;0;0;0;0;0;0;0;0;0;0
"05/07/2025";"05:24:19";"64";"Sem vítima";"144,510";"BR-163/PR";"Crescente";"Choque";1;0;0;0;0;0;0;0;0;0;1;0;0;0;0
"05/07/2025";"08:43:46";"106";"Sem vítima";"484,234";"BR-277/PR";"Decrescente";"Tombamento";0;0;1;0;0;0;0;0;0;0;1;0;0;0;0
"05/07/2025";"16:43:12";"262";"Sem vítima";"159,010";"BR-163/PR";"Crescente";"Acidentes de outra natureza";1;0;0;0;0;0;0;0;0;0;1;0;0;0;0
"05/07/2025";"17:13:43";"274";"Sem vítima";"503,600";"BR-277/PR";"Crescente";"Choque";1;0;1;0;0;0;0;0;0;0;3;0;0;0;0
"06/07/2025";"09:00:25";"95";"Sem vítima";"337,299";"BR-277/PR";"Crescente";"Acidentes de outra natureza";0;0;1;0;0;0;0;0;0;0;2;0;0;0;0
"06/07/2025";"11:26:27";"147";"Com vítima";"345,664";"BR-277/PR";"Crescente";"Choque";1;0;0;0;0;0;0;0;0;0;0;1;0;0;0
"06/07/2025";"14:14:20";"173";"Com vítima";"517,494";"BR-277/PR";"Decrescente";"Colisão traseira";1;0;1;0;0;0;0;0;0;0;1;0;1;1;0
"06/07/2025";"16:49:06";"213";"Com vítima";"703,016";"BR-277/PR";"Decrescente";"Choque";0;0;0;0;0;0;0;0;0;1;0;0;0;2;0
"06/07/2025";"17:03:03";"216";"Sem vítima";"703,010";"BR-277/PR";"Crescente";"Acidentes de outra natureza";1;0;0;0;0;0;0;0;0;0;3;0;0;0;0
"06/07/2025";"17:18:08";"219";"Com vítima";"17,284";"483/PR";"Crescente";"Colisão traseira";4;0;0;0;0;0;0;0;0;0;6;0;0;0;1
"06/07/2025";"21:45:54";"275";"Com vítima";"584,020";"BR-277/PR";"Decrescente";"Colisão traseira";0;0;0;1;0;1;0;0;0;0;0;0;1;0;0
"06/07/2025";"22:47:39";"283";"Sem vítima";"235,500";"280/PR";"Crescente";"Choque";1;0;0;0;0;0;0;0;0;0;1;0;0;0;0
"07/07/2025";"13:45:48";"209";"Com vítima";"652,000";"BR-277/PR";"Decrescente";"Colisão traseira";1;0;0;1;0;0;0;0;0;0;0;1;0;0;0
"07/07/2025";"15:00:02";"239";"Com vítima";"502,250";"182/PR";"Crescente";"Colisão traseira";2;0;0;0;0;0;0;0;0;0;3;1;0;0;0
"07/07/2025";"15:39:14";"254";"Sem vítima";"365,800";"BR-277/PR";"Crescente";"Choque";1;0;0;0;0;0;0;0;0;0;1;0;0;0;0
"07/07/2025";"17:45:22";"289";"Com vítima";"492,100";"182/PR";"Decrescente";"Colisão traseira";2;0;0;0;0;0;0;0;0;0;0;3;0;0;0
"07/07/2025";"18:14:40";"294";"Sem vítima";"139,100";"BR-163/PR";"Crescente";"Colisão traseira";0;0;0;0;0;0;0;1;0;0;1;0;0;0;0
"07/07/2025";"18:30:53";"299";"Com vítima";"620,100";"BR-277/PR";"Crescente";"Colisão traseira";1;0;2;0;0;0;0;0;0;0;0;5;0;0;0
"08/07/2025";"05:02:41";"93";"Com vítima";"691,376";"BR-277/PR";"Decrescente";"Atropelamento de pedestre";1;0;0;0;0;0;0;0;0;0;1;0;0;0;1
"08/07/2025";"10:59:02";"217";"Sem vítima";"339,400";"BR-277/PR";"Crescente";"Colisão traseira";2;0;0;0;0;0;0;0;0;0;5;0;0;0;0
"08/07/2025";"14:22:13";"268";"Com vítima";"307,100";"BR-277/PR";"Decrescente";"Colisão traseira";0;0;3;0;0;0;0;0;0;0;2;1;0;0;0
"08/07/2025";"14:34:37";"276";"Com vítima";"24,600";"483/PR";"Crescente";"Colisão traseira";2;0;0;0;0;0;0;0;0;0;0;2;0;0;0
"08/07/2025";"16:29:11";"321";"Com vítima";"608,429";"BR-277/PR";"Decrescente";"Colisão traseira";0;0;1;1;0;0;0;0;0;0;1;0;0;0;1
"08/07/2025";"18:46:34";"351";"Com vítima";"726,200";"BR-277/PR";"Decrescente";"Atropelamento de pedestre";1;0;0;0;0;0;0;0;0;0;0;2;0;1;0
"08/07/2025";"21:20:58";"388";"Com vítima";"503,300";"180/PR";"Decrescente";"Colisão traseira";1;0;0;1;0;0;0;0;0;0;1;1;0;0;0
"09/07/2025";"07:18:15";"92";"Com vítima";"500,765";"180/PR";"Decrescente";"Colisão traseira";2;0;0;0;0;0;0;0;0;0;2;2;0;0;0
"09/07/2025";"08:05:58";"109";"Sem vítima";"3,500";"483/PR";"Crescente";"Colisão traseira";1;0;1;0;0;0;0;0;0;0;0;0;0;0;0
"09/07/2025";"08:23:44";"121";"Com vítima";"635,669";"BR-277/PR";"Decrescente";"Colisão traseira";1;0;1;0;0;0;0;0;0;0;2;0;1;0;0
"09/07/2025";"08:48:01";"135";"Sem vítima";"586,800";"BR-277/PR";"Decrescente";"Colisão traseira";0;0;2;0;0;0;0;0;0;0;3;0;0;0;0
"09/07/2025";"12:21:25";"230";"Com vítima";"4,200";"483/PR";"Crescente";"Colisão traseira";2;0;0;0;0;0;0;0;0;0;0;3;0;0;0
"09/07/2025";"15:30:20";"276";"Com vítima";"23,100";"483/PR";"Crescente";"Colisão traseira";3;0;0;0;0;0;0;0;0;0;2;1;0;0;0
"10/07/2025";"08:01:06";"95";"Sem vítima";"699,444";"BR-277/PR";"Crescente";"Choque";1;0;0;0;0;0;0;0;0;0;1;0;0;0;0
"10/07/2025";"08:22:41";"117";"Sem vítima";"699,444";"BR-277/PR";"Crescente";"Colisão traseira";1;0;0;0;1;0;0;0;0;0;31;0;0;0;0
"10/07/2025";"09:08:07";"149";"Sem vítima";"662,842";"BR-277/PR";"Decrescente";"Tombamento";0;0;0;0;0;0;0;0;1;0;0;0;0;0;0
"10/07/2025";"12:14:53";"211";"Sem vítima";"3,100";"483/PR";"Crescente";"Colisão traseira";2;0;0;0;0;0;0;0;0;0;5;0;0;0;0
"10/07/2025";"14:51:49";"252";"Sem vítima";"560,000";"BR-277/PR";"Decrescente";"Colisão traseira";0;0;1;0;0;0;0;0;0;1;2;0;0;0;0
"10/07/2025";"18:08:45";"304";"Com vítima";"722,800";"BR-277/PR";"Decrescente";"Tombamento";0;0;0;1;0;0;0;0;0;0;2;2;0;0;0
"10/07/2025";"18:27:34";"306";"Com vítima";"568,700";"BR-277/PR";"Decrescente";"Colisão traseira";1;0;0;1;0;0;0;0;0;0;1;2;0;0;0
"10/07/2025";"19:31:03";"321";"Com vítima";"723,000";"BR-277/PR";"Decrescente";"Colisão traseira";2;0;0;0;0;0;0;0;0;0;1;2;0;0;0
"10/07/2025";"21:51:07";"348";"Sem vítima";"500,090";"BR-277/PR";"Crescente";"Choque";0;0;1;0;0;0;0;0;0;0;1;0;0;0;0
"10/07/2025";"21:54:45";"349";"Com vítima";"341,914";"BR-277/PR";"Decrescente";"Capotamento";1;0;0;0;0;0;0;0;0;0;0;0;1;0;0
"11/07/2025";"01:39:23";"26";"Sem vítima";"545,500";"BR-277/PR";"Crescente";"Atropelamento de animal";1;0;0;0;0;0;0;0;0;0;3;0;0;0;0
"11/07/2025";"05:50:54";"58";"Com vítima";"517,150";"182/PR";"Decrescente";"Choque";0;0;1;0;0;0;0;0;0;0;1;1;0;0;0
"11/07/2025";"10:50:13";"188";"Sem vítima";"319,000";"BR-277/PR";"Crescente";"Colisão traseira";1;0;0;0;0;0;0;0;0;1;2;0;0;0;0
"11/07/2025";"12:07:46";"206";"Com vítima";"496,000";"BR-277/PR";"Decrescente";"Colisão traseira";1;0;1;0;0;0;0;0;0;0;1;1;0;1;0
"11/07/2025";"13:03:03";"222";"Com vítima";"615,700";"BR-277/PR";"Crescente";"Capotamento";1;0;0;0;0;0;0;0;0;0;0;1;0;0;0
"11/07/2025";"15:53:27";"277";"Sem vítima";"711,100";"BR-277/PR";"Decrescente";"Colisão traseira";1;0;0;0;0;0;0;0;0;1;2;0;0;0;0
"11/07/2025";"16:34:01";"285";"Sem vítima";"665,000";"BR-277/PR";"Crescente";"Acidentes de outra natureza";1;0;0;0;0;0;0;0;0;0;2;0;0;0;0
"11/07/2025";"23:25:55";"417";"Sem vítima";"483,600";"BR-277/PR";"Decrescente";"Atropelamento de animal";1;0;0;0;0;0;0;0;0;0;2;0;0;0;0
"12/07/2025";"02:19:58";"57";"Sem vítima";"538,010";"158/PR";"Decrescente";"Capotamento";1;0;0;0;0;0;0;0;0;0;3;0;0;0;0
"12/07/2025";"05:50:21";"96";"Sem vítima";"343,010";"BR-277/PR";"Crescente";"Choque";1;0;0;0;0;0;0;0;0;0;0;0;0;0;0
"12/07/2025";"08:09:11";"127";"Com vítima";"145,652";"BR-163/PR";"Decrescente";"Capotamento";1;0;0;0;0;0;0;0;0;0;0;1;1;0;0
"12/07/2025";"08:20:43";"136";"Sem vítima";"577,709";"BR-277/PR";"Crescente";"Colisão traseira";1;0;1;0;0;0;0;0;0;0;2;0;0;0;0
"12/07/2025";"09:54:09";"161";"Sem vítima";"3,200";"483/PR";"Decrescente";"Colisão traseira";2;0;0;0;0;0;0;0;0;0;8;0;0;0;0
"12/07/2025";"14:35:36";"267";"Sem vítima";"536,010";"182/PR";"Crescente";"Colisão traseira";1;0;1;0;0;0;0;0;0;0;4;0;0;0;0
"12/07/2025";"20:13:34";"363";"Sem vítima";"254,800";"280/PR";"Crescente";"Choque";1;0;0;0;0;0;0;0;0;0;1;0;0;0;0
"13/07/2025";"05:14:57";"81";"Sem vítima";"676,100";"BR-277/PR";"Crescente";"Choque";1;0;0;0;0;0;0;0;0;0;1;0;0;0;0
"13/07/2025";"06:26:29";"87";"Sem vítima";"673,500";"BR-277/PR";"Crescente";"Choque";1;0;0;0;0;0;0;0;0;0;1;0;0;0;0
"13/07/2025";"07:01:59";"94";"Sem vítima";"689,000";"BR-277/PR";"Decrescente";"Colisão traseira";1;0;1;0;0;0;0;0;0;0;2;0;0;0;0
"13/07/2025";"14:24:01";"217";"Sem vítima";"714,800";"BR-277/PR";"Decrescente";"Choque";1;0;0;0;0;0;0;0;0;0;1;0;0;0;0
"13/07/2025";"17:10:45";"270";"Com vítima";"629,700";"BR-277/PR";"Crescente";"Colisão traseira";2;0;0;0;0;0;0;0;0;0;0;1;1;1;0
"13/07/2025";"19:21:13";"303";"Com vítima";"590,010";"BR-277/PR";"Crescente";"Colisão traseira";3;0;0;0;0;0;0;0;0;0;7;1;0;0;0
"13/07/2025";"22:14:05";"348";"Sem vítima";"584,010";"BR-277/PR";"Crescente";"Colisão traseira";1;0;0;0;0;0;0;0;0;0;1;0;0;0;0
"14/07/2025";"05:30:10";"81";"Sem vítima";"507,600";"BR-277/PR";"Crescente";"Atropelamento de animal";1;0;0;0;0;0;0;0;0;0;1;0;0;0;0
"14/07/2025";"07:37:25";"104";"Sem vítima";"595,382";"BR-277/PR";"Decrescente";"Colisão traseira";2;0;0;0;0;0;0;0;0;0;2;0;0;0;0
"14/07/2025";"08:06:51";"124";"Com vítima";"661,873";"BR-277/PR";"Decrescente";"Capotamento";1;0;0;0;0;0;0;0;0;0;0;0;1;0;0
"14/07/2025";"15:54:28";"286";"Com vítima";"583,000";"BR-277/PR";"Decrescente";"Colisão traseira";2;0;0;0;0;0;0;0;0;0;5;1;0;0;0
"14/07/2025";"15:59:45";"288";"Sem vítima";"153,955";"BR-163/PR";"Decrescente";"Colisão traseira";1;0;1;0;0;0;0;0;0;0;3;0;0;0;0
"14/07/2025";"16:35:01";"300";"Sem vítima";"638,015";"BR-277/PR";"Decrescente";"Colisão traseira";2;0;0;0;0;0;0;0;0;0;2;0;0;0;0
"14/07/2025";"16:53:20";"309";"Com vítima";"9,054";"483/PR";"Crescente";"Colisão traseira";2;0;0;0;0;0;0;1;0;1;5;1;0;0;0
"14/07/2025";"23:14:33";"367";"Sem vítima";"412,714";"BR-277/PR";"Decrescente";"Acidentes de outra natureza";0;0;1;0;0;0;0;0;0;0;1;0;0;0;0
"14/07/2025";"23:35:39";"370";"Sem vítima";"453,940";"BR-277/PR";"Decrescente";"Choque";0;0;0;0;0;0;0;0;0;1;1;0;0;0;0
"15/07/2025";"04:44:07";"47";"Sem vítima";"166,700";"BR-163/PR";"Decrescente";"Choque";0;0;1;0;0;0;0;0;0;0;2;0;0;0;0
"15/07/2025";"07:22:32";"60";"Sem vítima";"586,400";"BR-277/PR";"Decrescente";"Colisão traseira";1;0;1;0;0;0;0;0;0;0;2;0;0;0;0
"15/07/2025";"10:38:49";"191";"Com vítima";"153,930";"BR-163/PR";"Crescente";"Colisão traseira";0;0;1;0;1;0;0;0;0;0;13;0;1;0;0
"15/07/2025";"10:45:19";"194";"Sem vítima";"594,600";"BR-277/PR";"Decrescente";"Colisão traseira";1;0;0;0;0;0;0;0;0;0;4;0;0;0;0
"15/07/2025";"10:58:05";"200";"Com vítima";"152,046";"BR-163/PR";"Crescente";"Colisão traseira";1;0;1;0;0;0;0;0;0;0;1;1;0;0;0
"15/07/2025";"12:41:27";"235";"Sem vítima";"164,010";"BR-163/PR";"Decrescente";"Colisão traseira";0;0;0;0;0;0;0;0;0;1;1;0;0;0;0
"15/07/2025";"13:20:15";"244";"Sem vítima";"517,700";"BR-277/PR";"Decrescente";"Atropelamento de animal";1;0;0;0;0;0;0;0;0;0;0;0;0;0;0
"15/07/2025";"19:05:13";"334";"Sem vítima";"521,100";"BR-277/PR";"Decrescente";"Colisão traseira";1;0;0;0;0;0;0;0;0;0;2;0;0;0;0
"15/07/2025";"19:19:03";"337";"Com vítima";"475,100";"BR-277/PR";"Crescente";"Atropelamento de pedestre";1;0;0;0;0;0;0;0;0;0;2;0;0;0;1
"15/07/2025";"19:50:38";"342";"Com vítima";"650,200";"BR-277/PR";"Decrescente";"Atropelamento de pedestre";0;0;0;0;0;0;0;0;0;1;1;1;0;0;0
"16/07/2025";"08:05:27";"103";"Com vítima";"596,712";"BR-277/PR";"Decrescente";"Colisão traseira";1;0;0;0;0;0;0;1;0;0;3;1;0;0;0
"16/07/2025";"12:15:38";"210";"Sem vítima";"314,500";"BR-277/PR";"Crescente";"Colisão traseira";0;0;3;0;0;0;0;0;0;0;3;0;0;0;0
"16/07/2025";"13:09:03";"232";"Sem vítima";"128,310";"BR-163/PR";"Decrescente";"Colisão traseira";0;0;2;0;0;0;0;0;0;0;2;0;0;0;0
"16/07/2025";"13:41:37";"251";"Com vítima";"443,500";"BR-277/PR";"Decrescente";"Colisão traseira";1;0;1;0;0;0;0;0;0;0;3;0;2;0;0
"16/07/2025";"14:42:54";"278";"Sem vítima";"585,823";"BR-277/PR";"Crescente";"Colisão traseira";1;0;0;0;0;0;0;0;0;0;6;0;0;0;0
"16/07/2025";"16:44:05";"309";"Sem vítima";"1,000";"483/PR";"Decrescente";"Colisão traseira";1;0;1;0;0;0;0;0;0;0;2;0;0;0;0
"16/07/2025";"17:19:42";"322";"Com vítima";"454,000";"BR-277/PR";"Decrescente";"Colisão traseira";1;0;1;0;0;0;0;0;0;0;1;1;0;0;0
"16/07/2025";"18:29:49";"332";"Com vítima";"318,100";"BR-277/PR";"Decrescente";"Colisão traseira";0;0;0;0;0;0;0;0;0;1;0;1;0;0;0
"16/07/2025";"20:39:22";"384";"Sem vítima";"691,500";"BR-277/PR";"Decrescente";"Choque";0;0;1;0;0;0;0;0;0;0;2;0;0;0;0
"17/07/2025";"06:50:14";"100";"Com vítima";"320,000";"BR-277/PR";"Crescente";"Colisão traseira";1;0;1;0;0;0;0;0;0;0;0;3;0;0;0
"17/07/2025";"07:33:00";"111";"Com vítima";"482,534";"182/PR";"Decrescente";"Colisão traseira";0;0;2;0;0;0;0;0;0;0;2;1;0;0;0
"17/07/2025";"12:22:25";"236";"Com vítima";"722,400";"BR-277/PR";"Crescente";"Choque";1;0;0;0;0;0;0;0;0;0;0;1;0;0;0
"17/07/2025";"13:29:15";"258";"Com vítima";"727,800";"BR-277/PR";"Crescente";"Colisão traseira";0;0;0;1;0;0;0;0;0;1;1;0;0;1;0
"17/07/2025";"15:29:54";"305";"Com vítima";"722,950";"BR-277/PR";"Decrescente";"Colisão traseira";1;0;1;0;0;0;0;0;0;0;1;1;0;0;0
"17/07/2025";"16:26:53";"316";"Sem vítima";"323,000";"BR-277/PR";"Crescente";"Choque";0;0;1;0;0;0;0;0;0;0;2;0;0;0;0
"17/07/2025";"16:42:02";"319";"Sem vítima";"159,157";"BR-163/PR";"Decrescente";"Colisão traseira";1;0;1;0;0;0;0;0;0;1;4;0;0;0;0
"17/07/2025";"16:56:02";"322";"Com vítima";"694,480";"BR-277/PR";"Crescente";"Colisão traseira";1;0;1;0;0;0;0;0;0;0;0;0;2;0;0
"17/07/2025";"19:58:37";"359";"Com vítima";"330,010";"BR-277/PR";"Crescente";"Choque";0;0;1;0;0;0;0;0;0;0;0;1;0;0;0
"18/07/2025";"00:44:20";"26";"Com vítima";"539,100";"158/PR";"Decrescente";"Colisão traseira";2;0;1;0;0;0;0;0;0;1;2;1;0;0;5
"18/07/2025";"07:38:27";"105";"Sem vítima";"602,960";"BR-277/PR";"Decrescente";"Acidentes de outra natureza";0;0;1;0;0;0;0;0;0;0;1;0;0;0;0
"18/07/2025";"08:50:20";"142";"Com vítima";"548,010";"BR-277/PR";"Decrescente";"Tombamento";0;0;1;0;0;0;0;0;0;0;0;1;0;0;0
"18/07/2025";"10:02:00";"187";"Sem vítima";"356,100";"BR-277/PR";"Decrescente";"Colisão traseira";3;0;0;0;0;0;0;0;0;0;1;0;0;0;0
"18/07/2025";"10:07:58";"185";"Sem vítima";"385,100";"BR-277/PR";"Decrescente";"Tombamento";0;0;2;0;0;0;0;0;0;0;2;0;0;0;0
"18/07/2025";"13:09:15";"231";"Sem vítima";"385,100";"BR-277/PR";"Decrescente";"Colisão traseira";2;0;0;0;0;0;0;0;0;0;5;0;0;0;0
"18/07/2025";"17:11:19";"310";"Sem vítima";"582,500";"BR-277/PR";"Decrescente";"Colisão traseira";0;0;2;0;0;0;0;0;0;1;5;0;0;0;0
"18/07/2025";"17:30:36";"316";"Sem vítima";"410,100";"BR-277/PR";"Decrescente";"Capotamento";1;0;0;0;0;0;0;0;0;0;1;0;0;0;0
"18/07/2025";"19:08:17";"336";"Sem vítima";"693,412";"BR-277/PR";"Crescente";"Acidentes de outra natureza";1;0;0;0;0;0;0;0;0;0;2;0;0;0;0
"18/07/2025";"21:42:35";"356";"Sem vítima";"679,510";"BR-277/PR";"Crescente";"Colisão traseira";2;0;0;0;0;0;0;0;0;0;7;0;0;0;0
"19/07/2025";"06:18:35";"71";"Com vítima";"449,516";"BR-277/PR";"Crescente";"Colisão traseira";1;0;0;0;1;0;0;0;0;0;33;0;0;1;2
"19/07/2025";"08:51:06";"115";"Sem vítima";"555,100";"BR-277/PR";"Decrescente";"Colisão traseira";1;0;0;0;0;0;0;0;0;0;4;0;0;0;0
"19/07/2025";"11:27:26";"176";"Com vítima";"586,380";"BR-277/PR";"Decrescente";"Colisão traseira";1;0;0;0;0;0;0;0;0;2;4;2;0;0;0
"19/07/2025";"13:38:44";"202";"Sem vítima";"387,100";"BR-277/PR";"Decrescente";"Colisão traseira";1;0;0;0;0;0;0;0;0;0;1;0;0;0;0
"19/07/2025";"18:26:04";"292";"Com vítima";"708,482";"BR-277/PR";"Decrescente";"Colisão traseira";0;0;0;1;0;0;0;0;0;0;0;0;0;0;2
"19/07/2025";"23:26:54";"336";"Sem vítima";"593,010";"BR-277/PR";"Decrescente";"Colisão traseira";2;0;0;0;0;0;0;0;0;0;3;0;0;0;0
"20/07/2025";"09:35:10";"139";"Sem vítima";"538,097";"158/PR";"Decrescente";"Tombamento";0;0;1;0;0;0;0;0;0;0;1;0;0;0;0
"20/07/2025";"12:25:53";"195";"Sem vítima";"398,010";"BR-277/PR";"Decrescente";"Colisão traseira";2;0;0;0;0;0;0;0;0;0;5;0;0;0;0
"20/07/2025";"14:45:28";"222";"Com vítima";"333,010";"BR-277/PR";"Crescente";"Capotamento";1;0;0;0;0;0;0;0;0;0;0;2;0;0;0
"20/07/2025";"16:54:32";"265";"Com vítima";"509,302";"BR-277/PR";"Decrescente";"Colisão traseira";2;0;0;0;0;0;0;0;0;0;0;4;0;0;0
"20/07/2025";"18:53:12";"296";"Sem vítima";"454,250";"BR-277/PR";"Decrescente";"Colisão traseira";0;0;0;1;0;0;0;0;0;1;2;0;0;0;0
"20/07/2025";"20:09:12";"311";"Com vítima";"347,020";"BR-277/PR";"Decrescente";"Colisão traseira";2;0;0;0;0;0;0;0;0;0;1;1;0;0;0