data;horario;n_da_ocorrencia;tipo_de_ocorrencia;km;trecho;sentido;tipo_de_acidente;automovel;bicicleta;caminhao;moto;onibus;outros;tracao_animal;transporte_de_cargas_especiais;trator_maquinas;utilitarios;ilesos;levemente_feridos;moderadamente_feridos;gravemente_feridos;mortos
"21/07/2025";"11:52:35";"188";"Sem vítima";"492,093";"BR-277/PR";"Decrescente";"Colisão traseira";1;0;1;0;0;0;0;0;0;0;4;0;0;0;0
"21/07/2025";"15:19:24";"256";"Sem vítima";"636,760";"BR-277/PR";"Decrescente";"Colisão traseira";2;0;1;0;0;0;0;0;0;0;4;0;0;0;0
"21/07/2025";"15:24:42";"263";"Sem vítima";"512,000";"182/PR";"Decrescente";"Colisão traseira";0;0;1;0;0;0;0;0;0;0;1;0;0;0;0
"22/07/2025";"07:02:06";"96";"Com vítima";"464,000";"BR-277/PR";"Decrescente";"Choque";0;0;0;1;0;0;0;0;0;0;0;1;0;0;0
"22/07/2025";"12:49:12";"209";"Com vítima";"678,603";"BR-277/PR";"Crescente";"Colisão traseira";1;0;1;0;0;0;0;0;0;0;2;0;1;0;0
"22/07/2025";"22:06:05";"355";"Sem vítima";"484,000";"182/PR";"Crescente";"Colisão traseira";1;0;1;0;0;0;0;0;0;0;2;0;0;0;0
"23/07/2025";"04:55:54";"85";"Sem vítima";"125,000";"BR-163/PR";"Decrescente";"Colisão traseira";0;0;1;0;0;0;0;0;0;0;1;0;0;0;0
"23/07/2025";"07:16:07";"106";"Sem vítima";"672,010";"BR-277/PR";"Crescente";"Colisão traseira";1;0;1;0;0;0;0;0;0;0;2;0;0;0;0
"23/07/2025";"13:36:11";"265";"Com vítima";"650,500";"BR-277/PR";"Decrescente";"Colisão traseira";1;0;0;1;0;1;0;0;0;0;3;1;0;0;0
"23/07/2025";"15:17:21";"295";"Sem vítima";"386,150";"BR-277/PR";"Decrescente";"Choque";1;0;0;0;0;0;0;0;0;0;4;0;0;0;0
"23/07/2025";"15:19:50";"298";"Sem vítima";"580,000";"BR-277/PR";"Decrescente";"Colisão traseira";1;0;1;0;0;0;0;0;0;0;2;0;0;0;0
"23/07/2025";"17:21:17";"343";"Sem vítima";"490,900";"BR-277/PR";"Decrescente";"Colisão traseira";0;0;0;0;0;0;0;1;0;0;1;0;0;0;0
"23/07/2025";"20:37:46";"368";"Sem vítima";"253,860";"280/PR";"Decrescente";"Colisão traseira";1;0;0;0;0;0;0;0;0;1;3;0;0;0;0
"24/07/2025";"05:26:18";"47";"Sem vítima";"464,560";"BR-277/PR";"Crescente";"Colisão traseira";1;0;1;0;0;0;0;0;0;0;2;0;0;0;0
"24/07/2025";"06:14:17";"50";"Sem vítima";"723,000";"BR-277/PR";"Decrescente";"Choque";1;0;0;0;0;0;0;0;0;0;4;0;0;0;0
"24/07/2025";"06:55:49";"54";"Sem vítima";"694,010";"BR-277/PR";"Crescente";"Choque";1;0;0;0;0;0;0;0;0;0;2;0;0;0;0
"24/07/2025";"07:15:43";"60";"Com vítima";"592,980";"BR-277/PR";"Decrescente";"Colisão traseira";2;0;0;0;0;0;0;0;0;0;0;1;1;0;0
"24/07/2025";"07:22:45";"63";"Sem vítima";"366,150";"BR-277/PR";"Crescente";"Colisão traseira";1;0;1;0;0;0;0;0;0;0;4;0;0;0;0
"24/07/2025";"09:33:07";"114";"Sem vítima";"601,020";"BR-277/PR";"Decrescente";"Colisão traseira";1;0;0;0;0;0;0;0;0;0;2;0;0;0;0
"24/07/2025";"11:24:42";"148";"Com vítima";"547,700";"BR-277/PR";"Decrescente";"Choque";0;0;0;0;0;0;0;0;0;1;2;1;0;0;0
"24/07/2025";"11:24:42";"150";"Sem vítima";"142,723";"BR-163/PR";"Crescente";"Choque";0;0;1;0;0;0;0;0;0;0;1;0;0;0;0
"24/07/2025";"12:13:02";"160";"Sem vítima";"178,000";"BR-163/PR";"Crescente";"Capotamento";1;0;0;0;0;0;0;0;0;0;3;0;0;0;0
"24/07/2025";"12:43:08";"165";"Sem vítima";"178,500";"BR-163/PR";"Decrescente";"Choque";1;0;0;0;0;0;0;0;0;0;1;0;0;0;0
"24/07/2025";"13:43:53";"175";"Com vítima";"196,000";"BR-163/PR";"Crescente";"Choque";1;0;0;0;0;0;0;0;0;0;0;0;1;0;0
"24/07/2025";"14:27:45";"186";"Com vítima";"351,010";"BR-277/PR";"Crescente";"Choque";1;0;0;0;0;0;0;0;0;0;3;1;0;0;0
"24/07/2025";"15:17:56";"204";"Com vítima";"480,775";"BR-277/PR";"Crescente";"Colisão traseira";1;0;1;0;0;0;0;0;0;0;1;1;0;0;0
"24/07/2025";"15:51:15";"207";"Com vítima";"421,611";"BR-277/PR";"Crescente";"Colisão traseira";1;0;1;0;0;0;0;0;0;0;3;0;1;0;0
"24/07/2025";"17:59:30";"246";"Sem vítima";"131,544";"BR-163/PR";"Decrescente";"Acidentes de outra natureza";3;0;0;0;0;0;0;1;0;0;4;0;0;0;0
"24/07/2025";"19:01:39";"252";"Sem vítima";"323,560";"BR-277/PR";"Crescente";"Colisão traseira";1;0;0;0;0;0;0;0;0;1;4;0;0;0;0
"24/07/2025";"22:31:49";"287";"Sem vítima";"327,520";"BR-277/PR";"Crescente";"Colisão traseira";0;0;1;0;0;0;0;0;0;1;4;0;0;0;0
"25/07/2025";"06:35:23";"47";"Com vítima";"506,000";"BR-277/PR";"Crescente";"Colisão traseira";1;0;0;0;0;0;0;1;0;0;0;2;0;0;0
"25/07/2025";"09:24:18";"91";"Com vítima";"724,600";"BR-277/PR";"Crescente";"Colisão traseira";2;0;0;1;0;0;0;0;0;0;2;1;0;0;0
"25/07/2025";"15:21:10";"210";"Sem vítima";"584,000";"BR-277/PR";"Decrescente";"Colisão traseira";1;0;1;0;0;0;0;0;0;0;2;0;0;0;0
"25/07/2025";"18:19:18";"260";"Sem vítima";"313,000";"BR-277/PR";"Crescente";"Colisão traseira";0;0;0;0;0;0;0;0;0;1;1;0;0;0;0
"25/07/2025";"20:08:39";"286";"Com vítima";"726,010";"BR-277/PR";"Decrescente";"Atropelamento de pedestre";0;0;0;1;0;0;0;0;0;0;0;2;0;0;0
"25/07/2025";"20:14:35";"288";"Sem vítima";"395,000";"BR-277/PR";"Decrescente";"Colisão traseira";2;0;0;0;0;0;0;0;0;0;3;0;0;0;0
"26/07/2025";"07:06:27";"107";"Sem vítima";"593,000";"BR-277/PR";"Decrescente";"Colisão traseira";1;0;1;0;0;0;0;0;0;0;2;0;0;0;0
"26/07/2025";"15:44:38";"277";"Com vítima";"3,000";"483/PR";"Crescente";"Colisão traseira";1;0;0;1;0;0;0;0;0;0;1;2;0;0;0
"26/07/2025";"19:51:49";"334";"Sem vítima";"719,200";"BR-277/PR";"Crescente";"Choque";1;0;0;0;0;0;0;0;0;0;0;0;0;0;0
"27/07/2025";"08:21:50";"121";"Sem vítima";"696,377";"BR-277/PR";"Crescente";"Colisão traseira";1;0;0;0;0;0;0;0;0;0;6;0;0;0;0
"27/07/2025";"14:45:55";"236";"Com vítima";"697,800";"BR-277/PR";"Decrescente";"Capotamento";1;0;0;0;0;0;0;0;0;0;0;0;1;0;0
"27/07/2025";"15:15:09";"241";"Sem vítima";"135,000";"BR-163/PR";"Crescente";"Acidentes de outra natureza";1;0;0;0;0;0;0;0;0;0;2;0;0;0;0
"27/07/2025";"16:19:51";"258";"Com vítima";"521,200";"182/PR";"Decrescente";"Capotamento";1;0;0;0;0;0;0;0;0;0;1;4;0;0;0
"27/07/2025";"16:45:05";"263";"Sem vítima";"135,000";"BR-163/PR";"Crescente";"Choque";1;0;0;0;0;0;0;0;0;0;2;0;0;0;0
"27/07/2025";"17:25:51";"274";"Com vítima";"495,200";"182/PR";"Decrescente";"Colisão traseira";2;0;0;0;0;0;0;0;0;0;0;3;0;0;0
"27/07/2025";"21:52:59";"320";"Com vítima";"444,100";"BR-277/PR";"Decrescente";"Capotamento";1;0;0;0;0;0;0;0;0;0;0;1;0;0;0
"28/07/2025";"06:44:48";"63";"Sem vítima";"521,562";"BR-277/PR";"Crescente";"Choque";1;0;0;0;0;0;0;0;0;0;4;0;0;0;0
"28/07/2025";"08:56:02";"118";"Com vítima";"497,500";"182/PR";"Decrescente";"Choque";1;0;0;0;0;0;0;0;0;0;1;1;0;0;0
"28/07/2025";"09:10:47";"122";"Com vítima";"151,010";"BR-163/PR";"Crescente";"Capotamento";1;0;0;0;0;0;0;0;0;0;0;0;1;0;0
"28/07/2025";"10:38:36";"163";"Com vítima";"148,000";"BR-163/PR";"Decrescente";"Colisão traseira";2;0;0;0;0;0;0;0;0;0;2;0;1;0;0
"28/07/2025";"11:52:34";"214";"Sem vítima";"569,581";"BR-277/PR";"Decrescente";"Colisão traseira";0;0;1;0;0;0;0;1;0;0;2;0;0;0;0
"28/07/2025";"12:48:08";"228";"Sem vítima";"704,300";"BR-277/PR";"Crescente";"Colisão traseira";0;0;1;0;0;0;0;0;0;1;1;0;0;0;0
"29/07/2025";"07:40:21";"76";"Sem vítima";"310,356";"BR-277/PR";"Decrescente";"Choque";0;0;1;0;0;0;0;0;0;0;1;0;0;0;0
"29/07/2025";"10:41:31";"155";"Com vítima";"721,100";"BR-277/PR";"Decrescente";"Colisão traseira";0;0;1;0;1;0;0;0;0;0;1;4;6;5;0
"29/07/2025";"10:49:22";"160";"Com vítima";"584,200";"BR-277/PR";"Crescente";"Colisão traseira";0;0;0;0;0;0;0;0;0;0;0;0;0;0;0
"29/07/2025";"11:11:51";"166";"Sem vítima";"635,746";"BR-277/PR";"Decrescente";"Choque";0;0;1;0;0;0;0;0;0;0;1;0;0;0;0
"29/07/2025";"16:10:25";"263";"Sem vítima";"697,617";"BR-277/PR";"Crescente";"Choque";1;0;0;0;0;0;0;0;0;0;2;0;0;0;0
"29/07/2025";"18:49:58";"300";"Com vítima";"502,100";"180/PR";"Crescente";"Colisão traseira";1;0;0;1;0;0;0;0;0;0;1;0;0;1;0
"29/07/2025";"20:38:37";"321";"Com vítima";"371,512";"BR-277/PR";"Decrescente";"Choque";1;0;1;0;0;0;0;0;0;0;1;1;0;0;0
"29/07/2025";"23:10:57";"345";"Sem vítima";"687,500";"BR-277/PR";"Crescente";"Colisão traseira";2;0;0;0;0;0;0;0;0;0;2;0;0;0;0
"29/07/2025";"23:19:50";"349";"Sem vítima";"308,700";"BR-277/PR";"Crescente";"Choque";0;0;1;0;0;0;0;0;0;0;1;0;0;0;0
"30/07/2025";"04:27:35";"49";"Com vítima";"321,600";"BR-277/PR";"Decrescente";"Colisão traseira";0;0;1;0;0;0;0;0;0;1;0;1;0;1;0
"30/07/2025";"06:55:44";"67";"Com vítima";"251,982";"280/PR";"Crescente";"Colisão traseira";0;0;0;1;0;0;0;0;0;0;0;0;2;0;0
"30/07/2025";"08:57:41";"123";"Sem vítima";"340,000";"BR-277/PR";"Decrescente";"Choque";1;0;0;0;0;0;0;0;0;0;1;0;0;0;0
"30/07/2025";"10:28:44";"162";"Sem vítima";"392,000";"BR-277/PR";"Decrescente";"Colisão traseira";1;0;1;0;0;0;0;0;0;0;2;0;0;0;0
"30/07/2025";"13:10:56";"194";"Com vítima";"671,638";"BR-277/PR";"Decrescente";"Capotamento";1;0;0;0;0;0;0;0;0;0;0;1;0;0;0
"30/07/2025";"13:44:15";"200";"Sem vítima";"254,500";"280/PR";"Decrescente";"Colisão traseira";1;0;1;0;0;0;0;0;0;0;2;0;0;0;0
"30/07/2025";"16:44:06";"263";"Sem vítima";"361,000";"BR-277/PR";"Crescente";"Colisão traseira";3;0;1;0;0;0;0;0;0;0;8;0;0;0;0
"30/07/2025";"17:54:53";"281";"Com vítima";"183,000";"BR-163/PR";"Crescente";"Colisão traseira";1;0;1;0;0;0;0;0;0;0;0;3;0;0;0
"30/07/2025";"18:11:00";"283";"Sem vítima";"501,300";"180/PR";"Crescente";"Colisão traseira";1;0;0;0;0;0;0;0;0;1;2;0;0;0;0
"31/07/2025";"03:43:52";"71";"Sem vítima";"412,010";"BR-277/PR";"Decrescente";"Choque";0;0;1;0;0;0;0;0;0;0;1;0;0;0;0
"31/07/2025";"13:10:26";"228";"Sem vítima";"418,900";"BR-277/PR";"Crescente";"Colisão traseira";0;0;1;0;0;0;0;0;0;0;2;0;0;0;0
"31/07/2025";"15:05:03";"254";"Com vítima";"467,360";"182/PR";"Decrescente";"Colisão traseira";1;0;0;0;0;0;0;1;0;0;1;1;0;0;0
"31/07/2025";"16:24:30";"278";"Sem vítima";"341,661";"BR-277/PR";"Decrescente";"Colisão traseira";1;0;1;0;0;0;0;0;0;0;4;0;0;0;0
"31/07/2025";"16:29:58";"283";"Sem vítima";"650,000";"BR-277/PR";"Crescente";"Colisão traseira";0;0;2;0;0;0;0;1;0;0;3;0;0;0;0
"31/07/2025";"18:49:21";"310";"Com vítima";"606,700";"BR-277/PR";"Decrescente";"Colisão traseira";1;0;0;1;0;0;0;0;0;0;1;1;0;0;0
"31/07/2025";"19:08:12";"312";"Com vítima";"518,000";"BR-277/PR";"Decrescente";"Colisão traseira";2;0;0;0;0;0;0;0;0;0;2;1;0;0;0
"01/08/2025";"01:14:28";"39";"Com vítima";"693,010";"BR-277/PR";"Crescente";"Colisão traseira";1;0;1;0;0;0;0;0;0;0;1;1;0;0;0
"01/08/2025";"07:39:18";"108";"Sem vítima";"247,000";"280/PR";"Crescente";"Colisão traseira";2;0;0;0;0;0;0;0;0;0;4;0;0;0;0
"01/08/2025";"08:59:05";"159";"Sem vítima";"464,500";"BR-277/PR";"Decrescente";"Choque";0;0;1;0;0;0;0;0;0;0;0;0;0;0;0
"01/08/2025";"09:26:06";"181";"Sem vítima";"422,740";"BR-277/PR";"Decrescente";"Tombamento";0;0;1;0;0;0;0;0;0;0;1;0;0;0;0
"01/08/2025";"11:05:52";"235";"Com vítima";"451,433";"BR-277/PR";"Decrescente";"Colisão traseira";1;0;0;0;0;0;0;0;0;1;0;1;1;0;0
"01/08/2025";"19:02:00";"372";"Com vítima";"306,030";"BR-277/PR";"Crescente";"Colisão traseira";1;0;0;1;0;0;0;0;0;0;1;0;1;0;0
"01/08/2025";"19:15:16";"375";"Sem vítima";"341,980";"BR-277/PR";"Decrescente";"Colisão traseira";0;0;1;0;0;0;0;0;0;1;2;0;0;0;0
"01/08/2025";"19:39:29";"380";"Com vítima";"139,609";"BR-163/PR";"Decrescente";"Acidentes de outra natureza";1;0;0;0;0;0;0;0;0;0;0;1;0;0;0
"02/08/2025";"05:48:44";"64";"Com vítima";"722,200";"BR-277/PR";"Decrescente";"Colisão traseira";2;0;0;0;0;0;0;0;0;0;0;1;0;0;0
"02/08/2025";"07:20:56";"80";"Sem vítima";"704,300";"BR-277/PR";"Crescente";"Colisão traseira";1;0;0;1;0;0;0;0;0;0;2;0;0;0;0
"02/08/2025";"10:29:32";"168";"Sem vítima";"713,010";"BR-277/PR";"Decrescente";"Acidentes de outra natureza";1;0;0;0;0;0;0;0;0;0;3;0;0;0;0
"02/08/2025";"13:27:51";"226";"Sem vítima";"724,200";"BR-277/PR";"Decrescente";"Colisão traseira";1;0;0;0;0;0;0;0;0;0;2;0;0;0;0
"02/08/2025";"23:54:22";"376";"Com vítima";"519,500";"182/PR";"Decrescente";"Acidentes de outra natureza";1;0;0;0;0;0;0;0;0;0;2;1;0;0;0
"03/08/2025";"20:22:24";"265";"Sem vítima";"660,500";"BR-277/PR";"Decrescente";"Choque";1;0;0;0;0;0;0;0;0;0;2;0;0;0;0
"03/08/2025";"20:29:59";"266";"Com vítima";"598,020";"BR-277/PR";"Decrescente";"Colisão traseira";0;0;0;1;0;0;0;0;0;0;0;0;2;0;0
"03/08/2025";"21:47:10";"276";"Sem vítima";"444,320";"BR-277/PR";"Decrescente";"Colisão traseira";0;0;1;0;0;0;0;0;0;1;2;0;0;0;0
"03/08/2025";"21:47:52";"277";"Com vítima";"672,390";"BR-277/PR";"Decrescente";"Saída de pista";0;0;0;1;0;0;0;0;0;0;0;0;1;0;0
"04/08/2025";"02:36:05";"29";"Com vítima";"521,620";"182/PR";"Decrescente";"Choque";0;0;1;0;0;0;0;0;0;0;2;2;0;0;0
"04/08/2025";"07:13:23";"57";"Com vítima";"193,000";"BR-163/PR";"Crescente";"Choque";1;0;0;0;0;0;0;0;0;0;1;2;0;0;0
"04/08/2025";"08:49:28";"87";"Sem vítima";"182,000";"BR-163/PR";"Crescente";"Choque";1;0;0;0;0;0;0;0;0;0;1;0;0;0;0
"04/08/2025";"10:32:51";"120";"Sem vítima";"326,000";"BR-277/PR";"Decrescente";"Acidentes de outra natureza";0;0;1;0;0;0;0;0;0;0;1;0;0;0;0
"04/08/2025";"15:12:52";"205";"Sem vítima";"567,312";"BR-277/PR";"Decrescente";"Acidentes de outra natureza";1;0;0;0;0;0;0;0;0;0;1;0;0;0;0
"04/08/2025";"23:58:52";"335";"Sem vítima";"364,900";"BR-277/PR";"Decrescente";"Acidentes de outra natureza";1;0;0;0;0;0;0;0;0;0;8;0;0;0;0
"05/08/2025";"05:32:22";"69";"Com vítima";"471,500";"BR-277/PR";"Decrescente";"Atropelamento de pedestre";0;0;0;0;0;0;0;0;0;1;0;1;0;0;0
"05/08/2025";"05:51:47";"70";"Sem vítima";"227,900";"280/PR";"Decrescente";"Tombamento";0;0;1;0;0;0;0;0;0;0;1;0;0;0;0
"05/08/2025";"07:43:59";"98";"Sem vítima";"124,000";"BR-163/PR";"Decrescente";"Colisão traseira";1;0;0;0;0;0;0;0;0;1;3;0;0;0;0
"05/08/2025";"10:12:06";"171";"Sem vítima";"168,857";"BR-163/PR";"Decrescente";"Colisão traseira";0;0;0;0;0;0;0;0;0;2;1;0;0;0;0
"05/08/2025";"11:07:48";"193";"Sem vítima";"593,000";"BR-277/PR";"Crescente";"Colisão traseira";2;0;0;0;0;0;0;0;0;0;4;0;0;0;0
"05/08/2025";"13:05:07";"236";"Sem vítima";"172,196";"BR-163/PR";"Decrescente";"Acidentes de outra natureza";0;0;0;0;0;0;0;0;0;1;1;0;0;0;0
"05/08/2025";"16:30:25";"287";"Sem vítima";"484,350";"182/PR";"Decrescente";"Colisão traseira";2;0;0;0;0;0;0;0;0;0;2;0;0;0;0
"05/08/2025";"18:51:01";"307";"Com vítima";"0,300";"483/PR";"Crescente";"Colisão traseira";2;0;0;0;0;0;0;0;0;0;3;0;1;0;0
"05/08/2025";"19:26:02";"316";"Sem vítima";"503,700";"180/PR";"Decrescente";"Choque";0;0;1;0;0;0;0;0;0;0;1;0;0;0;0
"05/08/2025";"21:01:04";"340";"Com vítima";"538,500";"158/PR";"Decrescente";"Capotamento";1;0;0;0;0;0;0;0;0;0;2;0;1;0;0
"06/08/2025";"09:19:00";"169";"Sem vítima";"167,449";"BR-163/PR";"Decrescente";"Colisão traseira";2;0;0;0;0;0;0;0;0;0;3;0;0;0;0
"06/08/2025";"09:26:45";"172";"Sem vítima";"346,200";"BR-277/PR";"Decrescente";"Atropelamento de animal";1;0;0;0;0;0;0;0;0;0;3;0;0;0;0
"06/08/2025";"16:50:02";"297";"Sem vítima";"167,365";"BR-163/PR";"Crescente";"Colisão traseira";0;0;2;0;0;0;0;0;0;0;2;0;0;0;0
"07/08/2025";"08:19:38";"111";"Sem vítima";"324,100";"BR-277/PR";"Decrescente";"Tombamento";0;0;1;0;0;0;0;0;0;0;1;0;0;0;0
"07/08/2025";"08:59:57";"153";"Sem vítima";"334,050";"BR-277/PR";"Decrescente";"Capotamento";1;0;0;0;0;0;0;0;0;0;1;0;0;0;0
"07/08/2025";"13:32:13";"253";"Com vítima";"579,700";"BR-277/PR";"Decrescente";"Choque";1;0;0;0;0;0;0;0;0;0;0;1;0;0;0
"07/08/2025";"14:09:44";"271";"Sem vítima";"512,100";"BR-277/PR";"Decrescente";"Choque";1;0;0;0;0;0;0;0;0;0;3;0;0;0;0
"07/08/2025";"16:35:23";"324";"Sem vítima";"677,010";"BR-277/PR";"Decrescente";"Colisão traseira";1;0;1;0;0;0;0;0;0;0;4;0;0;0;0
"07/08/2025";"21:07:26";"375";"Sem vítima";"611,670";"BR-277/PR";"Decrescente";"Choque";0;0;0;0;0;0;0;0;0;1;1;0;0;0;0
"08/08/2025";"02:01:41";"39";"Sem vítima";"411,036";"BR-277/PR";"Crescente";"Acidentes de outra natureza";1;0;0;0;0;0;0;0;0;0;4;0;0;0;0
"08/08/2025";"03:57:52";"55";"Sem vítima";"428,096";"BR-277/PR";"Crescente";"Colisão traseira";1;0;1;0;0;0;0;0;0;0;2;0;0;0;0
"08/08/2025";"10:43:02";"202";"Sem vítima";"659,100";"BR-277/PR";"Decrescente";"Choque";1;0;0;0;0;0;0;0;0;0;1;0;0;0;0
"08/08/2025";"12:56:25";"239";"Com vítima";"307,191";"BR-277/PR";"Crescente";"Colisão traseira";1;0;3;0;0;0;0;0;0;0;1;5;0;0;2
"08/08/2025";"13:11:01";"245";"Sem vítima";"604,700";"BR-277/PR";"Crescente";"Tombamento";0;0;1;0;0;0;0;0;0;0;0;0;0;0;0
"08/08/2025";"14:28:25";"261";"Sem vítima";"609,000";"BR-277/PR";"Decrescente";"Colisão traseira";0;0;0;1;0;0;0;0;0;0;2;0;0;0;0
"08/08/2025";"18:38:28";"304";"Sem vítima";"581,010";"BR-277/PR";"Decrescente";"Colisão traseira";2;0;0;0;0;0;0;0;0;0;3;0;0;0;0
"08/08/2025";"19:33:00";"316";"Com vítima";"538,100";"158/PR";"Decrescente";"Colisão traseira";2;0;0;0;0;0;0;0;0;0;2;3;0;0;0
"08/08/2025";"21:25:03";"338";"Sem vítima";"503,700";"180/PR";"Decrescente";"Colisão traseira";0;0;1;0;0;0;0;0;0;1;2;0;0;0;0
"09/08/2025";"00:26:36";"21";"Sem vítima";"339,000";"BR-277/PR";"Crescente";"Colisão traseira";0;0;2;0;0;0;0;0;0;0;2;0;0;0;0
"09/08/2025";"05:29:53";"75";"Sem vítima";"4,400";"483/PR";"Crescente";"Colisão traseira";1;0;1;0;0;0;0;0;0;0;3;0;0;0;0
"09/08/2025";"13:54:13";"185";"Sem vítima";"238,000";"280/PR";"Decrescente";"Colisão traseira";1;0;1;0;0;0;0;0;0;0;5;0;0;0;0
"09/08/2025";"18:01:34";"232";"Com vítima";"340,180";"BR-277/PR";"Crescente";"Colisão traseira";0;0;2;0;0;0;0;0;0;0;1;1;0;0;0
"10/08/2025";"02:10:58";"47";"Com vítima";"639,100";"BR-277/PR";"Decrescente";"Colisão traseira";1;0;0;0;3;0;0;0;0;0;89;13;3;0;2
"10/08/2025";"05:25:02";"70";"Sem vítima";"723,000";"BR-277/PR";"Crescente";"Choque";1;0;0;0;0;0;0;0;0;0;2;0;0;0;0
"10/08/2025";"06:36:06";"72";"Sem vítima";"584,000";"BR-277/PR";"Decrescente";"Tombamento";0;0;0;1;0;0;0;0;0;0;2;0;0;0;0
"10/08/2025";"10:07:31";"118";"Com vítima";"652,932";"BR-277/PR";"Decrescente";"Colisão traseira";4;0;0;0;0;0;0;0;0;0;7;1;0;0;0
"10/08/2025";"10:52:01";"130";"Com vítima";"660,100";"BR-277/PR";"Crescente";"Choque";0;0;0;1;0;0;0;0;0;0;0;0;0;1;0
"10/08/2025";"14:04:15";"160";"Sem vítima";"247,327";"280/PR";"Decrescente";"Colisão traseira";2;0;0;0;0;0;0;0;0;0;4;0;0;0;0
"10/08/2025";"17:08:35";"206";"Sem vítima";"440,000";"BR-277/PR";"Crescente";"Capotamento";1;0;0;0;0;0;0;0;0;0;0;0;0;0;0
"10/08/2025";"18:18:38";"218";"Sem vítima";"454,000";"BR-277/PR";"Decrescente";"Colisão traseira";0;0;1;0;0;0;0;0;0;1;3;0;0;0;0
"11/08/2025";"07:06:32";"85";"Sem vítima";"568,700";"BR-277/PR";"Decrescente";"Choque";0;0;1;0;0;0;0;0;0;0;1;0;0;0;0
"11/08/2025";"09:27:34";"157";"Sem vítima";"644,900";"BR-277/PR";"Decrescente";"Colisão traseira";1;0;0;1;0;0;0;0;0;0;4;0;0;0;0
"11/08/2025";"11:35:45";"201";"Com vítima";"653,000";"BR-277/PR";"Decrescente";"Colisão traseira";2;0;0;0;0;0;0;0;0;1;15;1;0;0;0
"11/08/2025";"12:41:10";"211";"Sem vítima";"169,400";"BR-163/PR";"Decrescente";"Choque";1;0;0;0;0;0;0;0;0;0;1;0;0;0;0
"11/08/2025";"14:04:26";"235";"Sem vítima";"140,300";"BR-163/PR";"Decrescente";"Acidentes de outra natureza";1;0;0;0;0;0;0;0;0;0;1;0;0;0;0
"11/08/2025";"18:06:31";"300";"Com vítima";"238,330";"280/PR";"Crescente";"Colisão traseira";0;0;1;0;0;0;0;0;0;1;2;0;0;2;0
"11/08/2025";"18:43:37";"307";"Com vítima";"725,497";"BR-277/PR";"Decrescente";"Tombamento";0;0;0;1;0;0;0;0;0;0;0;0;2;0;0
"11/08/2025";"20:15:53";"328";"Sem vítima";"170,800";"BR-163/PR";"Decrescente";"Colisão traseira";0;0;2;0;0;0;0;0;0;0;2;0;0;0;0
"11/08/2025";"22:54:17";"352";"Com vítima";"530,740";"BR-277/PR";"Decrescente";"Colisão traseira";0;0;2;0;0;0;0;0;0;0;0;1;0;0;1
"11/08/2025";"23:34:07";"362";"Com vítima";"724,320";"BR-277/PR";"Decrescente";"Colisão traseira";2;0;0;0;0;0;0;0;0;0;3;1;0;0;0
"12/08/2025";"08:31:20";"118";"Com vítima";"471,297";"BR-277/PR";"Decrescente";"Colisão traseira";1;0;1;0;0;0;0;0;0;0;1;2;0;1;0
"12/08/2025";"10:31:57";"172";"Sem vítima";"632,100";"BR-277/PR";"Decrescente";"Colisão traseira";2;0;0;0;0;0;0;0;0;0;2;0;0;0;0
"12/08/2025";"14:35:44";"225";"Sem vítima";"587,929";"BR-277/PR";"Decrescente";"Colisão traseira";2;0;0;0;0;0;0;0;0;0;2;0;0;0;0
"12/08/2025";"16:42:38";"266";"Com vítima";"582,100";"BR-277/PR";"Decrescente";"Colisão traseira";1;0;0;1;0;0;0;0;0;0;1;1;0;0;0
"12/08/2025";"20:51:51";"313";"Sem vítima";"580,200";"BR-277/PR";"Crescente";"Colisão traseira";1;0;1;0;0;0;0;0;0;0;3;0;0;0;0