data;horario;n_da_ocorrencia;tipo_de_ocorrencia;km;trecho;sentido;tipo_de_acidente;automovel;bicicleta;caminhao;moto;onibus;outros;tracao_animal;transporte_de_cargas_especiais;trator_maquinas;utilitarios;ilesos;levemente_feridos;moderadamente_feridos;gravemente_feridos;mortos
"12/08/2025";"21:07:39";"316";"Com vítima";"1,260";"483/PR";"Crescente";"Colisão traseira";2;0;0;0;0;0;0;0;0;0;0;0;1;1;1
"12/08/2025";"23:35:21";"337";"Sem vítima";"666,200";"BR-277/PR";"Crescente";"Colisão traseira";0;0;2;0;0;0;0;0;0;0;2;0;0;0;0
"13/08/2025";"01:47:02";"24";"Sem vítima";"187,700";"BR-163/PR";"Decrescente";"Acidentes de outra natureza";1;0;0;0;0;0;0;0;0;0;2;0;0;0;0
"13/08/2025";"04:52:31";"57";"Sem vítima";"455,610";"BR-277/PR";"Decrescente";"Choque";0;0;1;0;0;0;0;0;0;0;1;0;0;0;0
"13/08/2025";"14:54:58";"244";"Sem vítima";"160,000";"BR-163/PR";"Decrescente";"Colisão traseira";0;0;0;0;0;0;0;0;0;1;1;0;0;0;0
"13/08/2025";"19:54:17";"305";"Sem vítima";"141,020";"BR-163/PR";"Decrescente";"Tombamento";0;0;1;0;0;0;0;0;0;0;1;0;0;0;0
"13/08/2025";"21:35:09";"325";"Com vítima";"503,100";"182/PR";"Decrescente";"Colisão traseira";1;0;0;1;0;0;0;0;0;0;0;2;0;0;0
"14/08/2025";"04:47:24";"64";"Com vítima";"675,010";"BR-277/PR";"Decrescente";"Capotamento";1;0;0;0;0;0;0;0;0;0;0;1;0;0;0
"14/08/2025";"05:37:50";"69";"Sem vítima";"592,142";"BR-277/PR";"Decrescente";"Choque";0;0;0;0;0;0;0;0;0;1;1;0;0;0;0
"14/08/2025";"07:24:18";"89";"Com vítima";"23,750";"483/PR";"Decrescente";"Tombamento";0;0;1;0;0;0;0;0;0;0;0;1;0;0;0
"14/08/2025";"20:16:24";"306";"Com vítima";"721,100";"BR-277/PR";"Decrescente";"Colisão traseira";0;0;0;1;0;0;0;0;0;0;0;2;0;0;0
"14/08/2025";"23:28:17";"339";"Sem vítima";"721,700";"BR-277/PR";"Crescente";"Colisão traseira";2;0;0;0;0;0;0;0;0;0;3;0;0;0;0
"14/08/2025";"23:55:17";"341";"Com vítima";"159,200";"BR-163/PR";"Crescente";"Colisão traseira";1;0;0;0;1;0;0;0;0;0;32;1;0;0;0
"15/08/2025";"02:11:14";"49";"Sem vítima";"140,560";"BR-163/PR";"Crescente";"Acidentes de outra natureza";1;0;0;0;0;0;0;0;0;0;6;0;0;0;0
"15/08/2025";"13:05:00";"216";"Sem vítima";"592,400";"BR-277/PR";"Crescente";"Colisão traseira";1;0;1;0;0;0;0;0;0;0;1;0;0;0;0
"15/08/2025";"16:22:48";"273";"Sem vítima";"496,100";"BR-277/PR";"Decrescente";"Colisão traseira";0;0;2;0;0;0;0;0;0;0;2;0;0;0;0
"15/08/2025";"16:24:35";"274";"Sem vítima";"572,010";"BR-277/PR";"Decrescente";"Colisão traseira";1;0;0;0;0;0;0;0;0;1;3;0;0;0;0
"15/08/2025";"18:34:15";"301";"Sem vítima";"695,000";"BR-277/PR";"Decrescente";"Choque";1;0;0;0;0;0;0;0;0;0;2;0;0;0;0
"15/08/2025";"19:30:22";"314";"Com vítima";"662,400";"BR-277/PR";"Crescente";"Tombamento";0;0;0;1;0;0;0;0;0;0;0;4;0;0;0
"16/08/2025";"02:27:50";"41";"Com vítima";"591,020";"BR-277/PR";"Crescente";"Colisão traseira";0;0;0;1;0;0;0;0;0;0;2;1;0;0;0
"16/08/2025";"09:48:57";"147";"Sem vítima";"651,010";"BR-277/PR";"Crescente";"Choque";1;0;0;0;0;0;0;0;0;0;0;0;0;0;0
"16/08/2025";"11:13:36";"173";"Sem vítima";"568,100";"BR-277/PR";"Decrescente";"Colisão traseira";1;0;0;0;0;0;0;0;0;0;1;0;0;0;0
"16/08/2025";"16:45:12";"243";"Sem vítima";"685,010";"BR-277/PR";"Decrescente";"Colisão traseira";1;0;0;0;0;0;0;0;0;0;1;0;0;0;0
"16/08/2025";"17:54:27";"260";"Com vítima";"10,800";"483/PR";"Decrescente";"Atropelamento de animal";0;0;0;1;0;0;0;0;0;0;0;2;0;0;0
"16/08/2025";"18:22:11";"267";"Com vítima";"712,764";"BR-277/PR";"Crescente";"Tombamento";0;0;0;1;0;0;0;0;0;0;0;2;2;0;0
"16/08/2025";"18:49:33";"270";"Com vítima";"144,280";"BR-163/PR";"Decrescente";"Colisão traseira";1;0;1;0;0;0;0;0;0;0;1;1;0;0;0
"16/08/2025";"19:35:51";"278";"Sem vítima";"144,900";"BR-163/PR";"Decrescente";"Colisão traseira";1;0;0;1;0;0;0;0;0;0;5;0;0;0;0
"16/08/2025";"20:38:19";"290";"Com vítima";"520,761";"BR-277/PR";"Crescente";"Colisão traseira";1;0;1;0;0;0;0;0;0;0;2;0;0;0;1
"16/08/2025";"21:24:19";"297";"Sem vítima";"621,595";"BR-277/PR";"Crescente";"Colisão traseira";1;0;1;0;0;0;0;0;0;0;1;0;0;0;0
"16/08/2025";"22:06:16";"303";"Com vítima";"147,750";"BR-163/PR";"Crescente";"Tombamento";0;0;0;1;0;0;0;0;0;0;0;0;4;0;0
"17/08/2025";"02:46:05";"35";"Com vítima";"686,130";"BR-277/PR";"Decrescente";"Acidentes de outra natureza";0;0;0;1;0;0;0;0;0;0;0;1;0;0;0
"17/08/2025";"04:24:57";"44";"Com vítima";"719,103";"BR-277/PR";"Crescente";"Choque";1;0;0;0;0;0;0;0;0;0;0;0;0;0;1
"17/08/2025";"07:10:10";"59";"Com vítima";"493,807";"BR-277/PR";"Decrescente";"Colisão traseira";1;0;1;0;0;0;0;0;0;0;1;0;0;0;1
"17/08/2025";"11:59:55";"148";"Sem vítima";"331,250";"BR-277/PR";"Crescente";"Colisão traseira";1;0;0;0;0;0;0;0;0;1;4;0;0;0;0
"17/08/2025";"16:54:35";"209";"Com vítima";"190,000";"BR-163/PR";"Decrescente";"Capotamento";1;0;0;0;0;0;0;0;0;0;1;1;0;0;0
"17/08/2025";"18:35:54";"238";"Sem vítima";"314,020";"BR-277/PR";"Decrescente";"Colisão traseira";1;0;1;0;0;0;0;0;0;0;2;0;0;0;0
"18/08/2025";"04:36:36";"54";"Com vítima";"683,266";"BR-277/PR";"Crescente";"Colisão traseira";2;0;0;0;0;0;0;0;0;0;0;10;0;0;0
"18/08/2025";"10:22:20";"157";"Sem vítima";"168,422";"BR-163/PR";"Crescente";"Colisão traseira";2;0;0;0;0;0;0;0;0;0;4;0;0;0;0
"18/08/2025";"10:42:46";"164";"Sem vítima";"584,100";"BR-277/PR";"Crescente";"Colisão traseira";0;0;1;0;0;0;0;0;0;1;2;0;0;0;0
"18/08/2025";"13:08:59";"208";"Com vítima";"649,500";"BR-277/PR";"Crescente";"Colisão traseira";3;0;0;0;0;0;0;0;0;0;3;1;0;0;0
"19/08/2025";"07:27:20";"79";"Sem vítima";"607,010";"BR-277/PR";"Decrescente";"Colisão traseira";1;0;1;0;0;0;0;0;0;0;3;0;0;0;0
"19/08/2025";"09:36:16";"148";"Com vítima";"139,800";"BR-163/PR";"Decrescente";"Tombamento";0;0;1;0;0;0;0;0;0;0;0;0;0;1;0
"19/08/2025";"09:49:34";"154";"Sem vítima";"594,000";"BR-277/PR";"Decrescente";"Colisão traseira";2;0;0;0;0;0;0;0;0;0;4;0;0;0;0
"19/08/2025";"13:52:30";"211";"Com vítima";"667,449";"BR-277/PR";"Decrescente";"Tombamento";0;0;0;1;0;0;0;0;0;0;2;0;2;0;0
"19/08/2025";"15:35:27";"240";"Com vítima";"526,425";"182/PR";"Crescente";"Colisão traseira";2;0;1;0;0;0;0;0;0;0;1;2;0;1;1
"19/08/2025";"17:30:43";"262";"Com vítima";"473,697";"BR-277/PR";"Decrescente";"Tombamento";0;0;1;0;0;0;0;0;0;0;0;1;0;0;0
"19/08/2025";"21:07:47";"305";"Sem vítima";"726,500";"BR-277/PR";"Decrescente";"Choque";1;0;0;0;0;0;0;0;0;0;6;0;0;0;0
"20/08/2025";"05:16:52";"50";"Sem vítima";"623,100";"BR-277/PR";"Crescente";"Colisão traseira";2;0;0;0;0;0;0;0;0;0;7;0;0;0;0
"20/08/2025";"06:55:21";"56";"Sem vítima";"244,886";"280/PR";"Decrescente";"Choque";0;0;1;0;0;0;0;0;0;0;1;0;0;0;0
"20/08/2025";"07:05:48";"58";"Com vítima";"593,399";"BR-277/PR";"Crescente";"Colisão traseira";2;0;0;0;0;0;0;0;0;1;3;2;0;0;0
"20/08/2025";"11:31:57";"179";"Com vítima";"25,100";"483/PR";"Crescente";"Atropelamento de pedestre";0;0;1;0;0;0;0;0;0;0;1;1;0;0;0
"20/08/2025";"11:50:57";"186";"Com vítima";"539,886";"158/PR";"Decrescente";"Choque";1;0;0;0;0;0;0;0;0;1;0;0;0;1;0
"20/08/2025";"12:17:34";"191";"Sem vítima";"485,600";"BR-277/PR";"Decrescente";"Tombamento";0;0;0;1;0;0;0;0;0;0;2;0;0;0;0
"20/08/2025";"13:17:52";"204";"Com vítima";"539,448";"158/PR";"Crescente";"Colisão traseira";0;0;2;0;0;0;0;0;0;1;5;0;1;0;0
"20/08/2025";"15:18:29";"233";"Sem vítima";"538,100";"158/PR";"Decrescente";"Choque";0;0;1;0;0;0;0;0;0;0;1;0;0;0;0
"20/08/2025";"16:52:58";"264";"Com vítima";"559,662";"BR-277/PR";"Crescente";"Colisão traseira";2;0;1;0;0;0;0;0;0;0;4;0;1;0;0
"20/08/2025";"17:21:29";"274";"Sem vítima";"197,000";"BR-163/PR";"Decrescente";"Colisão traseira";2;0;0;0;0;0;0;0;0;0;1;0;0;0;0
"20/08/2025";"19:50:21";"295";"Sem vítima";"584,809";"BR-277/PR";"Crescente";"Atropelamento de animal";1;0;0;0;0;0;0;0;0;0;5;0;0;0;0
"20/08/2025";"19:54:25";"298";"Sem vítima";"165,500";"BR-163/PR";"Crescente";"Colisão traseira";1;0;0;0;0;0;0;0;0;1;3;0;0;0;0
"21/08/2025";"09:37:01";"159";"Com vítima";"663,712";"BR-277/PR";"Decrescente";"Acidentes de outra natureza";0;0;0;1;0;0;0;0;0;0;0;0;2;0;0
"21/08/2025";"14:20:15";"263";"Com vítima";"482,000";"BR-277/PR";"Decrescente";"Colisão traseira";0;0;1;0;0;0;0;0;0;0;0;1;0;0;0
"21/08/2025";"17:26:51";"326";"Sem vítima";"149,600";"BR-163/PR";"Decrescente";"Choque";1;0;0;0;0;0;0;0;0;0;1;0;0;0;0
"21/08/2025";"21:25:56";"369";"Com vítima";"650,597";"BR-277/PR";"Decrescente";"Colisão traseira";2;0;0;0;0;0;0;0;0;0;0;1;0;0;0
"22/08/2025";"06:44:39";"85";"Com vítima";"725,169";"BR-277/PR";"Crescente";"Colisão traseira";0;0;0;1;0;0;0;0;0;0;0;0;2;0;0
"22/08/2025";"07:19:09";"98";"Com vítima";"253,000";"280/PR";"Crescente";"Colisão traseira";1;0;0;0;0;0;0;0;0;0;2;0;0;0;0
"22/08/2025";"08:01:10";"131";"Com vítima";"720,224";"BR-277/PR";"Crescente";"Tombamento";0;0;0;1;0;0;0;0;0;0;0;0;2;0;0
"22/08/2025";"11:19:28";"211";"Sem vítima";"469,000";"182/PR";"Decrescente";"Colisão traseira";1;0;0;0;0;0;0;0;0;0;2;0;0;0;0
"22/08/2025";"11:48:55";"227";"Sem vítima";"715,000";"BR-277/PR";"Crescente";"Choque";1;0;0;0;0;0;0;0;0;0;1;0;0;0;0
"22/08/2025";"13:03:19";"250";"Com vítima";"584,036";"BR-277/PR";"Decrescente";"Colisão traseira";0;0;0;1;0;0;0;0;0;0;0;2;0;0;0
"22/08/2025";"15:30:56";"443";"Sem vítima";"366,650";"BR-277/PR";"Crescente";"Colisão traseira";1;0;0;0;0;0;0;1;0;0;3;0;0;0;0
"22/08/2025";"17:13:37";"463";"Com vítima";"502,100";"180/PR";"Decrescente";"Colisão traseira";1;0;0;1;0;0;0;0;0;0;2;0;1;0;0
"23/08/2025";"02:26:22";"49";"Sem vítima";"2,100";"483/PR";"Crescente";"Colisão traseira";4;0;0;0;0;0;0;0;0;0;2;0;0;0;0
"23/08/2025";"11:27:50";"168";"Com vítima";"180,394";"BR-163/PR";"Crescente";"Capotamento";1;0;0;0;0;0;0;0;0;0;0;1;0;0;0
"23/08/2025";"13:58:33";"195";"Com vítima";"684,000";"BR-277/PR";"Crescente";"Choque";1;0;0;0;0;0;0;0;0;0;1;1;0;0;0
"23/08/2025";"15:02:55";"213";"Sem vítima";"687,600";"BR-277/PR";"Decrescente";"Colisão traseira";2;0;0;0;0;0;0;0;0;0;3;0;0;0;0
"23/08/2025";"18:19:43";"244";"Sem vítima";"174,500";"BR-163/PR";"Decrescente";"Capotamento";1;0;0;0;0;0;0;0;0;0;2;0;0;0;0
"23/08/2025";"18:21:52";"245";"Sem vítima";"667,010";"BR-277/PR";"Crescente";"Choque";1;0;0;0;0;0;0;0;0;0;2;0;0;0;0
"23/08/2025";"18:43:13";"249";"Com vítima";"503,120";"180/PR";"Crescente";"Colisão traseira";2;0;0;0;0;0;0;0;0;0;1;1;0;0;0
"23/08/2025";"19:21:59";"260";"Sem vítima";"344,700";"BR-277/PR";"Decrescente";"Choque";1;0;0;0;0;0;0;0;0;0;2;0;0;0;0
"23/08/2025";"20:05:39";"270";"Sem vítima";"588,800";"BR-277/PR";"Decrescente";"Choque";1;0;0;0;0;0;0;0;0;0;0;0;0;0;0
"24/08/2025";"01:07:48";"28";"Sem vítima";"655,010";"BR-277/PR";"Crescente";"Acidentes de outra natureza";1;0;0;0;0;0;0;0;0;0;2;0;0;0;0
"24/08/2025";"02:47:50";"45";"Sem vítima";"251,100";"280/PR";"Crescente";"Acidentes de outra natureza";1;0;0;0;0;0;0;0;0;0;6;0;0;0;0
"24/08/2025";"02:52:47";"46";"Com vítima";"160,010";"BR-163/PR";"Crescente";"Capotamento";1;0;0;0;0;0;0;0;0;0;0;2;0;0;0
"24/08/2025";"05:02:08";"52";"Com vítima";"488,000";"182/PR";"Crescente";"Choque";1;0;0;0;0;0;0;0;0;0;0;0;1;0;0
"24/08/2025";"12:53:39";"122";"Sem vítima";"586,000";"BR-277/PR";"Decrescente";"Colisão traseira";2;0;0;0;0;0;0;0;0;0;3;0;0;0;0
"24/08/2025";"14:03:33";"135";"Com vítima";"511,668";"182/PR";"Crescente";"Choque";1;0;0;0;0;0;0;0;0;0;2;1;0;0;0
"24/08/2025";"14:04:06";"136";"Sem vítima";"474,311";"BR-277/PR";"Decrescente";"Choque";1;0;0;0;0;0;0;0;0;0;1;0;0;0;0
"24/08/2025";"15:32:31";"146";"Com vítima";"178,200";"BR-163/PR";"Crescente";"Colisão traseira";1;0;1;0;0;0;0;0;0;0;2;1;0;0;0
"24/08/2025";"16:03:13";"151";"Com vítima";"240,370";"280/PR";"Decrescente";"Colisão traseira";3;0;1;0;0;0;0;0;0;0;2;0;0;3;0
"24/08/2025";"19:41:54";"184";"Sem vítima";"633,000";"BR-277/PR";"Crescente";"Acidentes de outra natureza";1;0;0;0;0;0;0;0;0;0;2;0;0;0;0
"24/08/2025";"22:00:02";"209";"Sem vítima";"124,250";"BR-163/PR";"Decrescente";"Choque";1;0;0;0;0;0;0;0;0;0;2;0;0;0;0
"25/08/2025";"09:13:03";"105";"Com vítima";"155,200";"BR-163/PR";"Decrescente";"Capotamento";1;0;0;0;0;0;0;0;0;0;0;1;0;0;0
"25/08/2025";"11:37:49";"178";"Sem vítima";"466,617";"BR-277/PR";"Crescente";"Choque";0;0;0;0;0;0;0;0;0;1;1;0;0;0;0
"25/08/2025";"13:05:30";"199";"Com vítima";"451,367";"BR-277/PR";"Decrescente";"Colisão traseira";2;0;0;0;0;0;0;0;0;0;2;0;4;0;0
"25/08/2025";"18:22:59";"281";"Com vítima";"142,510";"BR-163/PR";"Decrescente";"Choque";1;0;0;0;0;0;0;0;0;0;0;1;0;0;0
"25/08/2025";"20:25:00";"303";"Sem vítima";"168,421";"BR-163/PR";"Decrescente";"Acidentes de outra natureza";0;0;2;0;0;0;0;0;0;1;3;0;0;0;0
"25/08/2025";"21:57:35";"323";"Sem vítima";"632,950";"BR-277/PR";"Decrescente";"Acidentes de outra natureza";1;0;0;0;0;0;0;0;0;0;1;0;0;0;0
"25/08/2025";"23:38:40";"331";"Sem vítima";"140,472";"BR-163/PR";"Crescente";"Acidentes de outra natureza";0;0;0;0;0;0;0;0;0;1;3;0;0;0;0
"26/08/2025";"00:38:17";"28";"Sem vítima";"484,070";"BR-277/PR";"Crescente";"Acidentes de outra natureza";0;0;1;0;0;0;0;0;0;0;1;0;0;0;0
"26/08/2025";"06:19:34";"62";"Com vítima";"633,000";"BR-277/PR";"Decrescente";"Choque";1;0;0;0;0;0;0;0;0;0;0;1;0;0;0
"26/08/2025";"06:46:56";"64";"Sem vítima";"590,559";"BR-277/PR";"Crescente";"Saída de pista";0;0;1;0;0;0;0;0;0;0;1;0;0;0;0
"26/08/2025";"09:24:21";"131";"Com vítima";"636,928";"BR-277/PR";"Decrescente";"Tombamento";0;0;1;0;0;0;0;0;0;0;0;1;0;0;0
"26/08/2025";"11:23:57";"168";"Sem vítima";"319,500";"BR-277/PR";"Decrescente";"Choque";0;0;1;0;0;0;0;0;0;0;1;0;0;0;0
"26/08/2025";"11:41:02";"172";"Com vítima";"586,500";"BR-277/PR";"Decrescente";"Colisão traseira";0;0;0;1;0;0;0;0;0;1;1;1;0;0;0
"26/08/2025";"12:35:55";"196";"Sem vítima";"701,215";"BR-277/PR";"Crescente";"Colisão traseira";1;0;1;0;0;0;0;0;0;0;2;0;0;0;0
"26/08/2025";"13:28:15";"209";"Com vítima";"615,214";"BR-277/PR";"Decrescente";"Saída de pista";0;0;1;0;0;0;0;0;0;0;0;1;0;0;0
"26/08/2025";"14:29:06";"232";"Sem vítima";"560,100";"BR-277/PR";"Decrescente";"Atropelamento de animal";1;0;0;0;0;0;0;0;0;0;1;0;0;0;0
"26/08/2025";"15:04:52";"244";"Sem vítima";"395,010";"BR-277/PR";"Decrescente";"Choque";1;0;0;0;0;0;0;0;0;0;1;0;0;0;0
"26/08/2025";"16:15:26";"261";"Sem vítima";"326,100";"BR-277/PR";"Decrescente";"Choque";1;0;0;0;0;0;0;0;0;0;1;0;0;0;0
"26/08/2025";"21:26:17";"315";"Com vítima";"595,779";"BR-277/PR";"Crescente";"Colisão traseira";1;0;0;1;0;0;0;0;0;0;1;1;0;0;0
"27/08/2025";"00:37:37";"30";"Com vítima";"684,450";"BR-277/PR";"Crescente";"Choque";1;0;0;0;0;0;0;0;0;0;0;4;0;0;0
"27/08/2025";"07:38:36";"85";"Com vítima";"137,060";"BR-163/PR";"Crescente";"Colisão traseira";1;0;1;0;0;0;0;0;0;0;1;5;0;0;0
"27/08/2025";"08:16:48";"106";"Com vítima";"506,000";"BR-277/PR";"Crescente";"Acidentes de outra natureza";1;0;0;0;0;0;0;0;0;0;1;1;0;0;0
"27/08/2025";"13:21:21";"211";"Sem vítima";"467,000";"BR-277/PR";"Decrescente";"Choque";1;0;0;0;0;0;0;0;0;0;2;0;0;0;0
"27/08/2025";"14:57:10";"242";"Com vítima";"252,710";"280/PR";"Decrescente";"Colisão traseira";2;0;0;0;0;0;0;0;0;0;2;1;0;0;0
"27/08/2025";"16:28:01";"265";"Sem vítima";"538,000";"158/PR";"Decrescente";"Colisão traseira";1;0;0;0;0;0;0;0;0;1;2;0;0;0;0
"28/08/2025";"08:20:40";"123";"Com vítima";"584,000";"BR-277/PR";"Crescente";"Tombamento";0;0;0;1;0;0;0;0;0;0;0;2;0;0;0
"28/08/2025";"13:09:22";"237";"Sem vítima";"464,500";"BR-277/PR";"Decrescente";"Colisão traseira";0;0;2;0;0;0;0;0;0;0;2;0;0;0;0
"28/08/2025";"13:29:17";"242";"Sem vítima";"422,000";"BR-277/PR";"Crescente";"Colisão traseira";1;0;2;0;0;0;0;0;0;0;3;0;0;0;0
"28/08/2025";"19:08:34";"318";"Sem vítima";"307,100";"BR-277/PR";"Crescente";"Colisão traseira";0;0;1;0;0;0;0;0;0;1;2;0;0;0;0
"28/08/2025";"20:51:42";"355";"Com vítima";"398,600";"BR-277/PR";"Decrescente";"Tombamento";0;0;1;0;0;0;0;0;0;0;0;0;0;0;1
"29/08/2025";"01:00:26";"38";"Sem vítima";"466,200";"BR-277/PR";"Decrescente";"Saída de pista";1;0;0;0;0;0;0;0;0;0;1;0;0;0;0
"29/08/2025";"05:43:35";"67";"Com vítima";"594,100";"BR-277/PR";"Crescente";"Atropelamento de pedestre";1;0;0;0;0;0;0;0;0;0;0;1;0;0;0
"29/08/2025";"05:58:14";"68";"Com vítima";"527,817";"BR-277/PR";"Crescente";"Colisão traseira";1;0;0;0;0;0;0;1;0;0;2;4;0;0;0
"29/08/2025";"06:49:22";"72";"Com vítima";"697,010";"BR-277/PR";"Crescente";"Capotamento";1;0;0;0;0;0;0;0;0;0;2;1;0;0;0
"29/08/2025";"09:53:38";"180";"Sem vítima";"489,400";"BR-277/PR";"Crescente";"Tombamento";0;0;0;0;0;0;0;0;0;1;2;0;0;0;0
"29/08/2025";"10:04:47";"188";"Com vítima";"352,000";"BR-277/PR";"Decrescente";"Colisão traseira";2;0;0;0;0;0;0;0;0;0;4;2;0;0;0
"29/08/2025";"11:08:49";"209";"Com vítima";"145,870";"BR-163/PR";"Crescente";"Tombamento";0;0;0;1;0;0;0;0;0;0;0;2;0;0;0
"29/08/2025";"11:40:15";"211";"Sem vítima";"398,010";"BR-277/PR";"Decrescente";"Colisão traseira";1;0;0;0;0;0;0;0;0;1;1;0;0;0;0
"29/08/2025";"12:19:59";"221";"Sem vítima";"522,600";"BR-277/PR";"Decrescente";"Colisão traseira";0;0;0;0;0;0;0;0;0;2;5;0;0;0;0
"29/08/2025";"16:56:10";"298";"Com vítima";"406,100";"BR-277/PR";"Decrescente";"Tombamento";0;0;0;1;0;0;0;0;0;0;0;2;2;0;0
"29/08/2025";"18:03:40";"322";"Com vítima";"398,100";"BR-277/PR";"Decrescente";"Colisão traseira";1;0;0;1;0;0;0;0;0;0;1;1;0;0;0
"29/08/2025";"18:41:07";"329";"Com vítima";"467,010";"182/PR";"Decrescente";"Colisão traseira";0;0;0;2;0;0;0;0;0;0;0;2;0;0;0
"29/08/2025";"20:11:36";"345";"Sem vítima";"504,010";"BR-277/PR";"Crescente";"Choque";1;0;0;0;0;0;0;0;0;0;1;0;0;0;0
"30/08/2025";"01:23:32";"41";"Sem vítima";"664,915";"BR-277/PR";"Crescente";"Colisão traseira";0;0;2;0;0;0;0;0;0;0;2;0;0;0;0
"30/08/2025";"02:48:52";"56";"Sem vítima";"147,500";"BR-163/PR";"Crescente";"Choque";0;0;0;0;0;0;0;0;0;1;1;0;0;0;0
"30/08/2025";"06:26:42";"80";"Sem vítima";"5,100";"483/PR";"Crescente";"Choque";0;0;0;0;0;0;0;0;0;1;1;0;0;0;0
"30/08/2025";"07:46:47";"106";"Com vítima";"154,119";"BR-163/PR";"Crescente";"Choque";2;0;0;0;0;0;0;0;0;0;1;1;0;0;0
"30/08/2025";"13:00:59";"226";"Sem vítima";"584,500";"BR-277/PR";"Decrescente";"Colisão traseira";1;0;0;0;0;0;0;0;0;0;0;0;0;0;0
"30/08/2025";"13:35:07";"231";"Sem vítima";"500,142";"180/PR";"Crescente";"Colisão traseira";2;0;0;0;0;0;0;0;0;0;3;0;0;0;0
"30/08/2025";"16:13:22";"266";"Sem vítima";"505,072";"182/PR";"Decrescente";"Acidentes de outra natureza";0;0;0;0;0;0;0;0;0;1;2;0;0;0;0
"30/08/2025";"19:46:40";"319";"Sem vítima";"530,800";"BR-277/PR";"Decrescente";"Colisão traseira";2;0;0;0;0;0;0;0;0;0;4;0;0;0;0
"30/08/2025";"20:31:44";"326";"Com vítima";"605,500";"BR-277/PR";"Crescente";"Acidentes de outra natureza";1;0;0;0;0;0;0;0;0;0;0;1;0;0;0
"30/08/2025";"21:02:10";"331";"Com vítima";"672,230";"BR-277/PR";"Crescente";"Colisão traseira";2;0;0;0;0;0;0;0;0;0;2;0;2;0;0
"31/08/2025";"01:05:14";"29";"Com vítima";"346,100";"BR-277/PR";"Crescente";"Choque";0;0;0;1;0;0;0;0;0;0;0;0;0;0;1
"31/08/2025";"03:55:14";"51";"Com vítima";"526,315";"182/PR";"Decrescente";"Choque";1;0;0;0;0;0;0;0;0;0;0;1;0;1;0
"31/08/2025";"04:07:27";"54";"Sem vítima";"424,540";"BR-277/PR";"Crescente";"Choque";1;0;0;0;0;0;0;0;0;0;2;0;0;0;0
"31/08/2025";"05:29:55";"66";"Com vítima";"720,500";"BR-277/PR";"Crescente";"Choque";1;0;0;0;0;0;0;0;0;0;0;2;0;0;0
"31/08/2025";"06:28:46";"69";"Com vítima";"181,044";"BR-163/PR";"Crescente";"Choque";1;0;0;0;0;0;0;0;0;0;0;1;0;0;0
"31/08/2025";"07:32:28";"87";"Com vítima";"590,226";"BR-277/PR";"Decrescente";"Colisão traseira";2;0;0;0;0;0;0;0;0;0;0;2;2;0;0
"31/08/2025";"10:52:05";"161";"Com vítima";"321,591";"BR-277/PR";"Crescente";"Atropelamento de pedestre";0;0;1;0;0;0;0;0;0;0;1;0;0;0;1
"31/08/2025";"11:52:28";"172";"Com vítima";"459,630";"BR-277/PR";"Decrescente";"Colisão traseira";1;0;1;0;0;0;0;0;0;0;1;0;0;0;1
"31/08/2025";"14:12:59";"200";"Com vítima";"6,150";"483/PR";"Crescente";"Atropelamento de pedestre";1;0;0;0;0;0;0;0;0;0;1;0;0;0;1
"31/08/2025";"15:25:24";"217";"Com vítima";"582,600";"BR-277/PR";"Crescente";"Colisão traseira";2;0;0;1;0;0;0;0;0;0;0;2;1;0;0
"31/08/2025";"16:13:30";"228";"Com vítima";"142,671";"BR-163/PR";"Crescente";"Tombamento";0;0;0;1;0;0;0;0;0;0;0;0;0;2;0
"31/08/2025";"16:34:49";"233";"Com vítima";"693,700";"BR-277/PR";"Decrescente";"Colisão traseira";1;0;0;0;0;0;0;0;0;0;2;1;0;0;0