data;horario;n_da_ocorrencia;tipo_de_ocorrencia;km;trecho;sentido;tipo_de_acidente;automovel;bicicleta;caminhao;moto;onibus;outros;tracao_animal;transporte_de_cargas_especiais;trator_maquinas;utilitarios;ilesos;levemente_feridos;moderadamente_feridos;gravemente_feridos;mortos
"31/08/2025";"23:05:48";"288";"Com vítima";"6,549";"483/PR";"Decrescente";"Colisão traseira";2;0;0;0;0;0;0;0;0;0;3;1;0;0;0
"01/09/2025";"01:40:19";"46";"Sem vítima";"504,500";"180/PR";"Crescente";"Choque";1;0;0;0;0;0;0;0;0;0;1;0;0;0;0
"01/09/2025";"06:43:36";"85";"Sem vítima";"480,500";"BR-277/PR";"Decrescente";"Colisão traseira";0;0;0;0;0;0;0;0;0;1;1;0;0;0;0
"01/09/2025";"11:40:12";"207";"Sem vítima";"654,000";"BR-277/PR";"Decrescente";"Choque";0;0;1;0;0;0;0;0;0;0;1;0;0;0;0
"01/09/2025";"13:28:14";"227";"Com vítima";"323,432";"BR-277/PR";"Decrescente";"Colisão traseira";1;0;0;1;0;0;0;0;0;0;0;1;0;0;0
"01/09/2025";"16:24:58";"273";"Sem vítima";"182,520";"BR-163/PR";"Crescente";"Choque";1;0;0;0;0;0;0;0;0;0;1;0;0;0;0
"01/09/2025";"16:53:59";"282";"Com vítima";"595,100";"BR-277/PR";"Crescente";"Atropelamento de pedestre";0;0;1;0;0;0;0;0;0;0;1;0;0;1;0
"02/09/2025";"05:36:46";"86";"Sem vítima";"690,000";"BR-277/PR";"Decrescente";"Colisão traseira";0;0;0;0;1;0;0;0;0;0;1;0;0;0;0
"02/09/2025";"11:44:55";"218";"Sem vítima";"520,000";"182/PR";"Decrescente";"Choque";1;0;0;0;0;0;0;0;0;0;1;0;0;0;0
"02/09/2025";"16:22:07";"282";"Sem vítima";"650,500";"BR-277/PR";"Crescente";"Colisão traseira";0;0;1;0;0;0;0;0;0;2;5;0;0;0;0
"02/09/2025";"19:19:36";"322";"Sem vítima";"484,350";"182/PR";"Decrescente";"Colisão traseira";1;0;1;0;0;0;0;0;0;0;1;0;0;0;0
"02/09/2025";"19:29:03";"327";"Com vítima";"325,000";"BR-277/PR";"Crescente";"Colisão traseira";1;0;1;0;0;0;0;0;0;0;3;1;0;0;0
"02/09/2025";"20:56:49";"351";"Com vítima";"725,000";"BR-277/PR";"Decrescente";"Colisão traseira";1;0;0;1;0;0;0;0;0;0;0;1;0;0;0
"03/09/2025";"10:53:40";"210";"Com vítima";"490,000";"182/PR";"Crescente";"Colisão traseira";1;0;1;0;0;0;0;0;0;0;0;1;0;0;0
"03/09/2025";"15:08:54";"278";"Com vítima";"176,010";"BR-163/PR";"Crescente";"Acidentes de outra natureza";1;0;0;0;0;0;0;0;0;0;1;1;0;0;0
"03/09/2025";"17:28:04";"325";"Sem vítima";"6,700";"483/PR";"Decrescente";"Acidentes de outra natureza";1;0;1;0;0;0;0;0;0;0;4;0;0;0;0
"03/09/2025";"18:59:37";"339";"Sem vítima";"472,500";"BR-277/PR";"Decrescente";"Acidentes de outra natureza";1;0;0;0;0;0;0;0;0;0;1;0;0;0;0
"03/09/2025";"21:41:29";"367";"Sem vítima";"238,100";"280/PR";"Crescente";"Colisão traseira";1;0;0;0;0;0;0;0;0;1;3;0;0;0;0
"04/09/2025";"06:51:48";"74";"Sem vítima";"308,827";"BR-277/PR";"Decrescente";"Colisão traseira";1;0;2;0;0;0;0;0;0;0;4;0;0;0;0
"04/09/2025";"09:34:20";"169";"Sem vítima";"351,597";"BR-277/PR";"Decrescente";"Colisão traseira";1;0;1;0;0;0;0;0;0;0;2;0;0;0;0
"04/09/2025";"16:51:28";"295";"Sem vítima";"721,500";"BR-277/PR";"Decrescente";"Colisão traseira";1;0;1;0;0;0;0;0;0;0;3;0;0;0;0
"04/09/2025";"18:10:07";"314";"Sem vítima";"175,100";"BR-163/PR";"Decrescente";"Acidentes de outra natureza";1;0;0;0;0;0;0;0;0;0;1;0;0;0;0
"04/09/2025";"19:46:01";"330";"Sem vítima";"587,300";"BR-277/PR";"Crescente";"Saída de pista";0;0;0;0;1;0;0;0;0;0;3;0;0;0;0
"05/09/2025";"06:25:04";"67";"Sem vítima";"145,548";"BR-163/PR";"Crescente";"Choque";1;0;0;0;0;0;0;0;0;0;3;0;0;0;0
"05/09/2025";"07:48:17";"88";"Sem vítima";"651,500";"BR-277/PR";"Decrescente";"Acidentes de outra natureza";0;0;0;0;0;0;0;0;0;0;0;0;0;0;0
"05/09/2025";"07:57:35";"92";"Sem vítima";"651,100";"BR-277/PR";"Crescente";"Colisão traseira";0;0;2;0;0;0;0;0;0;1;4;0;0;0;0
"05/09/2025";"09:20:43";"141";"Sem vítima";"170,600";"BR-163/PR";"Decrescente";"Acidentes de outra natureza";1;0;0;0;0;0;0;0;0;0;1;0;0;0;0
"05/09/2025";"09:24:23";"142";"Sem vítima";"413,010";"BR-277/PR";"Crescente";"Colisão traseira";0;0;1;0;0;0;0;0;0;0;2;0;0;0;0
"05/09/2025";"10:32:15";"159";"Com vítima";"415,000";"BR-277/PR";"Crescente";"Tombamento";0;0;1;0;0;0;0;0;0;0;0;0;1;0;0
"05/09/2025";"18:54:33";"261";"Sem vítima";"471,000";"BR-277/PR";"Decrescente";"Colisão traseira";2;0;0;0;0;0;0;0;0;0;2;0;0;0;0
"05/09/2025";"19:15:10";"265";"Sem vítima";"441,279";"BR-277/PR";"Crescente";"Capotamento";1;0;0;0;0;0;0;0;0;0;2;0;0;0;0
"05/09/2025";"19:24:02";"266";"Sem vítima";"338,020";"BR-277/PR";"Crescente";"Saída de pista";0;0;1;0;0;0;0;0;0;0;1;0;0;0;0
"05/09/2025";"21:54:08";"291";"Com vítima";"592,900";"BR-277/PR";"Crescente";"Tombamento";0;0;0;0;1;0;0;0;0;0;19;9;8;0;1
"06/09/2025";"01:35:18";"39";"Sem vítima";"341,000";"BR-277/PR";"Crescente";"Saída de pista";1;0;0;0;0;0;0;0;0;0;1;0;0;0;0
"06/09/2025";"01:37:08";"40";"Sem vítima";"506,000";"182/PR";"Crescente";"Tombamento";0;0;0;1;0;0;0;0;0;0;2;0;0;0;0
"06/09/2025";"05:31:23";"73";"Com vítima";"501,850";"180/PR";"Crescente";"Colisão traseira";1;0;1;0;0;0;0;0;0;0;5;0;1;0;0
"06/09/2025";"06:08:55";"77";"Com vítima";"500,930";"180/PR";"Crescente";"Capotamento";1;0;0;0;0;0;0;0;0;0;0;2;0;0;0
"06/09/2025";"06:38:31";"78";"Sem vítima";"609,100";"BR-277/PR";"Crescente";"Choque";1;0;0;0;0;0;0;0;0;0;1;0;0;0;0
"06/09/2025";"07:27:21";"92";"Sem vítima";"3,500";"483/PR";"Decrescente";"Choque";1;0;0;0;0;0;0;0;0;0;2;0;0;0;0
"06/09/2025";"08:27:41";"109";"Com vítima";"146,300";"BR-163/PR";"Crescente";"Capotamento";1;0;0;0;0;0;0;0;0;0;0;1;0;0;0
"06/09/2025";"08:56:29";"121";"Sem vítima";"464,500";"BR-277/PR";"Crescente";"Colisão traseira";1;0;1;0;0;0;0;0;0;0;2;0;0;0;0
"06/09/2025";"09:30:25";"128";"Sem vítima";"189,500";"BR-163/PR";"Decrescente";"Choque";1;0;0;0;0;0;0;0;0;0;3;0;0;0;0
"06/09/2025";"19:58:56";"250";"Com vítima";"662,500";"BR-277/PR";"Crescente";"Capotamento";1;0;0;0;0;0;0;0;0;0;1;0;1;0;0
"07/09/2025";"00:21:15";"6";"Sem vítima";"511,600";"BR-277/PR";"Decrescente";"Choque";1;0;0;0;0;0;0;0;0;0;2;0;0;0;0
"07/09/2025";"09:04:32";"128";"Com vítima";"324,690";"BR-277/PR";"Crescente";"Capotamento";1;0;0;0;0;0;0;0;0;0;2;2;0;0;0
"07/09/2025";"09:40:21";"139";"Sem vítima";"226,600";"280/PR";"Crescente";"Colisão traseira";2;0;0;0;0;0;0;0;0;0;2;0;0;0;0
"07/09/2025";"14:17:12";"183";"Sem vítima";"195,300";"BR-163/PR";"Crescente";"Acidentes de outra natureza";1;0;0;0;0;0;0;0;0;0;0;0;0;0;0
"07/09/2025";"16:38:34";"213";"Com vítima";"633,500";"BR-277/PR";"Crescente";"Colisão traseira";1;0;0;0;0;0;0;0;0;1;2;3;0;0;0
"07/09/2025";"17:28:46";"227";"Sem vítima";"650,000";"BR-277/PR";"Crescente";"Colisão traseira";1;0;1;0;0;0;0;0;0;1;3;0;0;0;0
"07/09/2025";"18:52:25";"245";"Com vítima";"246,900";"280/PR";"Decrescente";"Capotamento";0;0;0;0;0;0;0;0;0;1;3;1;0;0;0
"07/09/2025";"21:17:45";"277";"Sem vítima";"142,000";"BR-163/PR";"Crescente";"Choque";1;0;0;0;0;0;0;0;0;0;1;0;0;0;0
"08/09/2025";"00:13:55";"2";"Sem vítima";"522,200";"182/PR";"Crescente";"Choque";1;0;0;0;0;0;0;0;0;0;2;0;0;0;0
"08/09/2025";"01:55:28";"71";"Com vítima";"572,200";"BR-277/PR";"Crescente";"Choque";1;0;0;0;0;0;0;0;0;0;0;0;1;0;0
"08/09/2025";"07:53:48";"119";"Sem vítima";"422,900";"BR-277/PR";"Decrescente";"Tombamento";0;0;0;1;0;0;0;0;0;0;0;0;0;0;0
"08/09/2025";"08:02:56";"131";"Com vítima";"728,100";"BR-277/PR";"Crescente";"Colisão traseira";3;0;0;0;0;0;0;0;0;1;6;0;2;0;0
"08/09/2025";"13:50:13";"247";"Com vítima";"540,100";"BR-277/PR";"Decrescente";"Choque";1;0;0;0;0;0;0;0;0;0;1;0;0;1;0
"08/09/2025";"14:42:48";"256";"Com vítima";"429,010";"BR-277/PR";"Decrescente";"Colisão traseira";1;0;0;0;0;0;0;0;0;0;0;6;0;0;0
"08/09/2025";"19:41:51";"318";"Com vítima";"611,300";"BR-277/PR";"Crescente";"Colisão traseira";0;0;1;0;0;0;0;0;0;1;1;2;0;0;0
"08/09/2025";"21:29:10";"343";"Com vítima";"454,636";"BR-277/PR";"Crescente";"Colisão traseira";1;0;1;0;0;0;0;0;0;0;1;1;0;0;0
"08/09/2025";"22:48:13";"354";"Sem vítima";"504,500";"180/PR";"Decrescente";"Choque";1;0;0;0;0;0;0;0;0;0;3;0;0;0;0
"09/09/2025";"08:32:43";"153";"Sem vítima";"568,700";"BR-277/PR";"Decrescente";"Colisão traseira";1;0;0;0;0;0;0;0;0;0;1;0;0;0;0
"09/09/2025";"13:30:02";"261";"Com vítima";"685,110";"BR-277/PR";"Decrescente";"Colisão traseira";1;0;0;0;0;0;0;0;0;0;0;1;0;0;0
"09/09/2025";"14:34:14";"286";"Sem vítima";"685,010";"BR-277/PR";"Decrescente";"Colisão traseira";2;0;0;0;0;0;0;0;0;1;4;0;0;0;0
"09/09/2025";"19:20:59";"336";"Com vítima";"240,600";"280/PR";"Crescente";"Tombamento";0;0;1;0;0;0;0;0;0;0;0;2;0;0;0
"10/09/2025";"06:57:09";"74";"Sem vítima";"584,900";"BR-277/PR";"Decrescente";"Colisão traseira";1;0;0;1;0;0;0;0;0;0;4;0;0;0;0
"10/09/2025";"07:30:32";"89";"Sem vítima";"19,200";"483/PR";"Decrescente";"Colisão traseira";1;0;0;0;0;0;0;0;0;0;1;0;0;0;0
"10/09/2025";"10:28:09";"170";"Sem vítima";"584,900";"BR-277/PR";"Decrescente";"Choque";0;0;0;0;0;0;0;0;0;1;1;0;0;0;0
"10/09/2025";"10:29:49";"171";"Sem vítima";"518,390";"182/PR";"Decrescente";"Colisão traseira";0;0;2;0;0;0;0;0;0;0;2;0;0;0;0
"10/09/2025";"11:43:14";"195";"Com vítima";"312,500";"BR-277/PR";"Decrescente";"Colisão traseira";1;0;1;0;1;0;0;0;0;0;18;12;3;1;0
"10/09/2025";"13:11:18";"217";"Com vítima";"725,600";"BR-277/PR";"Decrescente";"Tombamento";0;0;0;1;0;0;0;0;0;0;0;2;2;0;0
"10/09/2025";"14:34:03";"236";"Sem vítima";"685,100";"BR-277/PR";"Decrescente";"Colisão traseira";0;0;1;1;0;0;0;0;0;0;2;0;0;0;0
"10/09/2025";"16:07:25";"274";"Sem vítima";"654,440";"BR-277/PR";"Decrescente";"Colisão traseira";0;0;0;0;0;0;0;0;0;2;3;0;0;0;0
"10/09/2025";"17:14:05";"287";"Sem vítima";"610,200";"BR-277/PR";"Decrescente";"Colisão traseira";2;0;0;0;0;0;0;0;0;0;3;0;0;0;0
"10/09/2025";"17:17:33";"288";"Sem vítima";"168,000";"BR-163/PR";"Decrescente";"Colisão traseira";1;0;1;0;0;0;0;0;0;0;2;0;0;0;0
"10/09/2025";"18:17:32";"299";"Sem vítima";"5,009";"483/PR";"Decrescente";"Colisão traseira";1;0;0;0;0;0;0;0;0;0;2;0;0;0;0
"10/09/2025";"19:15:16";"317";"Com vítima";"589,800";"BR-277/PR";"Crescente";"Colisão traseira";2;0;0;0;0;0;0;0;0;0;1;3;0;0;0
"10/09/2025";"19:15:18";"331";"Sem vítima";"589,650";"BR-277/PR";"Crescente";"Colisão traseira";3;0;0;0;0;0;0;0;0;0;3;0;0;0;0
"10/09/2025";"19:15:33";"328";"Sem vítima";"589,850";"BR-277/PR";"Decrescente";"Colisão traseira";2;0;1;0;0;0;0;0;0;0;3;0;0;0;0
"10/09/2025";"19:21:37";"318";"Com vítima";"725,300";"BR-277/PR";"Crescente";"Colisão traseira";1;0;0;1;0;0;0;0;0;0;1;2;0;0;0
"10/09/2025";"22:01:08";"358";"Sem vítima";"476,000";"182/PR";"Decrescente";"Colisão traseira";0;0;2;0;0;0;0;0;0;0;2;0;0;0;0
"11/09/2025";"07:20:52";"92";"Sem vítima";"319,000";"BR-277/PR";"Crescente";"Colisão traseira";0;0;1;0;0;0;0;0;0;1;2;0;0;0;0
"11/09/2025";"07:32:28";"98";"Sem vítima";"487,020";"182/PR";"Decrescente";"Colisão traseira";1;0;1;0;0;0;0;0;0;0;1;0;0;0;0
"11/09/2025";"18:15:04";"306";"Com vítima";"608,330";"BR-277/PR";"Crescente";"Colisão traseira";0;0;1;1;0;0;0;0;0;0;1;0;0;0;1
"12/09/2025";"14:48:55";"272";"Com vítima";"576,850";"BR-277/PR";"Crescente";"Colisão traseira";0;0;0;1;0;0;0;0;0;1;1;2;0;0;0
"12/09/2025";"15:57:59";"296";"Sem vítima";"568,700";"BR-277/PR";"Crescente";"Colisão traseira";1;0;0;0;0;0;0;0;0;1;4;0;0;0;0
"12/09/2025";"16:02:27";"298";"Sem vítima";"632,155";"BR-277/PR";"Crescente";"Colisão traseira";0;0;0;0;0;0;0;0;0;2;2;0;0;0;0
"12/09/2025";"19:23:52";"342";"Sem vítima";"598,914";"BR-277/PR";"Crescente";"Colisão traseira";1;0;0;0;0;0;0;0;0;1;2;0;0;0;0
"12/09/2025";"21:16:55";"359";"Sem vítima";"482,500";"BR-277/PR";"Crescente";"Atropelamento de animal";1;0;0;0;0;0;0;0;0;0;0;0;0;0;0
"13/09/2025";"02:46:04";"54";"Com vítima";"609,500";"BR-277/PR";"Crescente";"Colisão traseira";1;0;1;0;0;0;0;0;0;0;1;0;1;0;0
"13/09/2025";"03:14:08";"56";"Com vítima";"654,800";"BR-277/PR";"Crescente";"Choque";1;0;0;0;0;0;0;0;0;0;1;0;1;0;0
"13/09/2025";"07:27:53";"96";"Com vítima";"398,300";"BR-277/PR";"Crescente";"Colisão traseira";1;0;0;0;0;0;0;0;0;1;4;1;0;0;0
"13/09/2025";"08:27:48";"131";"Sem vítima";"661,662";"BR-277/PR";"Crescente";"Choque";1;0;0;0;0;0;0;0;0;0;2;0;0;0;0
"13/09/2025";"10:14:26";"172";"Com vítima";"503,500";"180/PR";"Decrescente";"Colisão traseira";2;0;1;0;0;0;0;0;0;0;2;0;1;0;0
"13/09/2025";"11:51:27";"190";"Sem vítima";"573,300";"BR-277/PR";"Crescente";"Choque";1;0;0;0;0;0;0;0;0;0;3;0;0;0;0
"13/09/2025";"14:05:57";"223";"Com vítima";"166,300";"BR-163/PR";"Crescente";"Colisão traseira";2;0;0;0;0;0;0;0;0;0;1;0;1;0;0
"13/09/2025";"15:54:02";"254";"Sem vítima";"568,700";"BR-277/PR";"Decrescente";"Choque";0;0;1;0;0;0;0;0;0;0;1;0;0;0;0
"13/09/2025";"20:11:02";"295";"Com vítima";"692,700";"BR-277/PR";"Crescente";"Atropelamento de pedestre";1;0;0;0;0;0;0;0;0;0;0;2;0;0;1
"14/09/2025";"01:05:48";"33";"Sem vítima";"485,651";"BR-277/PR";"Crescente";"Colisão traseira";1;0;0;0;0;0;0;0;0;0;2;0;0;0;0
"14/09/2025";"02:18:45";"47";"Com vítima";"716,100";"BR-277/PR";"Decrescente";"Choque";1;0;0;0;0;0;0;0;0;0;0;1;0;0;0
"14/09/2025";"09:11:10";"113";"Sem vítima";"632,942";"BR-277/PR";"Decrescente";"Colisão traseira";0;0;1;1;0;0;0;0;0;0;2;0;0;0;0
"14/09/2025";"09:13:41";"116";"Sem vítima";"710,672";"BR-277/PR";"Crescente";"Choque";1;0;0;0;0;0;0;0;0;0;0;0;0;0;0
"14/09/2025";"15:26:26";"193";"Com vítima";"184,010";"BR-163/PR";"Crescente";"Tombamento";0;0;0;2;0;0;0;0;0;0;2;0;4;0;0
"14/09/2025";"18:49:46";"241";"Sem vítima";"464,500";"BR-277/PR";"Crescente";"Choque";0;0;1;0;0;0;0;0;0;0;1;0;0;0;0
"15/09/2025";"02:06:52";"48";"Com vítima";"532,900";"BR-277/PR";"Crescente";"Colisão traseira";1;0;0;0;0;0;0;0;0;1;0;0;0;2;0
"15/09/2025";"02:17:15";"50";"Com vítima";"530,900";"BR-277/PR";"Decrescente";"Acidentes de outra natureza";0;0;0;0;0;0;0;0;0;1;0;2;0;0;0
"15/09/2025";"07:25:41";"108";"Com vítima";"400,840";"BR-277/PR";"Crescente";"Colisão traseira";0;0;2;0;0;0;0;0;0;0;2;0;0;0;1
"15/09/2025";"16:24:05";"266";"Sem vítima";"475,260";"BR-277/PR";"Crescente";"Colisão traseira";1;0;1;0;0;0;0;0;0;0;5;0;0;0;0
"16/09/2025";"08:28:41";"156";"Sem vítima";"505,000";"182/PR";"Decrescente";"Acidentes de outra natureza";1;0;0;0;0;0;0;0;0;0;2;0;0;0;0
"16/09/2025";"17:06:46";"306";"Sem vítima";"331,500";"BR-277/PR";"Decrescente";"Atropelamento de animal";1;0;0;0;0;0;0;0;0;0;1;0;0;0;0
"16/09/2025";"21:01:50";"333";"Sem vítima";"245,200";"280/PR";"Crescente";"Acidentes de outra natureza";0;0;1;0;0;0;0;0;0;0;1;0;0;0;0
"17/09/2025";"08:34:41";"157";"Sem vítima";"594,700";"BR-277/PR";"Decrescente";"Colisão traseira";1;0;1;0;0;0;0;0;0;0;2;0;0;0;0
"17/09/2025";"10:38:17";"210";"Sem vítima";"327,953";"BR-277/PR";"Decrescente";"Capotamento";0;0;1;0;0;0;0;0;0;0;1;0;0;0;0
"17/09/2025";"11:42:56";"229";"Com vítima";"159,616";"BR-163/PR";"Crescente";"Tombamento";0;0;1;0;0;0;0;0;0;0;0;1;0;0;0
"17/09/2025";"14:14:00";"268";"Sem vítima";"361,100";"BR-277/PR";"Decrescente";"Colisão traseira";2;0;0;0;0;0;0;0;0;0;4;0;0;0;0
"17/09/2025";"18:17:18";"332";"Sem vítima";"590,361";"BR-277/PR";"Crescente";"Acidentes de outra natureza";1;0;0;0;0;0;0;0;0;0;1;0;0;0;0
"17/09/2025";"23:07:09";"380";"Com vítima";"589,916";"BR-277/PR";"Crescente";"Choque";1;0;0;0;0;0;0;0;0;0;0;0;1;0;0
"18/09/2025";"07:48:47";"111";"Sem vítima";"678,335";"BR-277/PR";"Crescente";"Tombamento";0;0;1;0;0;0;0;0;0;0;1;0;0;0;0
"19/09/2025";"00:56:48";"33";"Com vítima";"655,124";"BR-277/PR";"Crescente";"Tombamento";0;0;0;1;0;0;0;0;0;0;0;2;0;0;0
"19/09/2025";"01:22:17";"40";"Sem vítima";"152,020";"BR-163/PR";"Crescente";"Atropelamento de animal";1;0;0;0;0;0;0;0;0;0;1;0;0;0;0
"19/09/2025";"08:14:47";"137";"Sem vítima";"484,080";"182/PR";"Crescente";"Colisão traseira";1;0;0;0;0;0;0;0;0;0;2;0;0;0;0
"19/09/2025";"08:55:43";"161";"Com vítima";"454,300";"BR-277/PR";"Crescente";"Colisão traseira";1;0;1;0;0;0;0;0;0;0;0;1;0;1;0
"19/09/2025";"09:16:05";"169";"Sem vítima";"140,220";"BR-163/PR";"Decrescente";"Choque";1;0;0;0;0;0;0;0;0;0;2;0;0;0;0
"19/09/2025";"12:09:02";"228";"Sem vítima";"466,000";"BR-277/PR";"Crescente";"Colisão traseira";1;0;1;0;0;0;0;0;0;1;5;0;0;0;0
"19/09/2025";"12:32:03";"231";"Sem vítima";"711,000";"BR-277/PR";"Crescente";"Choque";1;0;0;0;0;0;0;0;0;0;2;0;0;0;0
"19/09/2025";"15:23:23";"276";"Com vítima";"448,500";"BR-277/PR";"Decrescente";"Colisão traseira";2;0;1;0;0;0;0;0;0;1;1;3;2;2;0
"19/09/2025";"17:41:10";"303";"Com vítima";"725,100";"BR-277/PR";"Decrescente";"Choque";1;0;0;0;0;0;0;0;0;0;0;1;0;0;0
"19/09/2025";"20:08:28";"329";"Sem vítima";"720,900";"BR-277/PR";"Decrescente";"Tombamento";0;0;1;0;0;0;0;0;0;0;1;0;0;0;0
"19/09/2025";"21:08:38";"351";"Com vítima";"449,500";"BR-277/PR";"Crescente";"Capotamento";1;0;0;0;0;0;0;0;0;0;0;1;0;0;0
"19/09/2025";"22:48:44";"376";"Sem vítima";"722,010";"BR-277/PR";"Crescente";"Colisão traseira";1;0;1;0;0;0;0;0;0;0;2;0;0;0;0
"19/09/2025";"23:32:27";"385";"Com vítima";"554,170";"BR-277/PR";"Crescente";"Colisão traseira";1;0;1;0;0;0;0;0;0;0;0;0;0;1;1
"20/09/2025";"15:15:14";"294";"Sem vítima";"308,620";"BR-277/PR";"Crescente";"Colisão traseira";2;0;0;0;0;0;0;0;0;0;2;0;0;0;0
"20/09/2025";"16:55:14";"318";"Com vítima";"648,000";"BR-277/PR";"Crescente";"Colisão traseira";3;0;0;0;0;0;0;0;0;0;2;1;0;0;0
"20/09/2025";"19:25:54";"356";"Sem vítima";"139,010";"BR-163/PR";"Decrescente";"Capotamento";1;0;0;0;0;0;0;0;0;0;2;0;0;0;0
"20/09/2025";"21:51:42";"386";"Com vítima";"676,000";"BR-277/PR";"Decrescente";"Capotamento";1;0;0;0;0;0;0;0;0;0;0;2;0;0;0
"21/09/2025";"08:12:23";"111";"Com vítima";"650,990";"BR-277/PR";"Crescente";"Saída de pista";0;0;0;1;0;0;0;0;0;0;0;1;0;1;0
"21/09/2025";"09:34:10";"133";"Com vítima";"512,000";"182/PR";"Decrescente";"Choque";1;0;0;0;0;0;0;0;0;0;0;2;0;0;0
"21/09/2025";"13:27:53";"205";"Com vítima";"155,000";"BR-163/PR";"Crescente";"Choque";1;0;0;0;0;0;0;0;0;0;0;1;0;0;0
"21/09/2025";"13:34:34";"207";"Sem vítima";"142,800";"BR-163/PR";"Crescente";"Choque";1;0;0;0;0;0;0;0;0;0;1;0;0;0;0
"21/09/2025";"14:28:43";"219";"Sem vítima";"588,500";"BR-277/PR";"Crescente";"Colisão traseira";1;0;0;0;0;0;0;0;0;1;5;0;0;0;0
"21/09/2025";"16:00:18";"250";"Sem vítima";"325,350";"BR-277/PR";"Crescente";"Saída de pista";1;0;0;0;0;0;0;0;0;0;2;0;0;0;0
"21/09/2025";"16:07:43";"253";"Sem vítima";"182,200";"BR-163/PR";"Crescente";"Choque";1;0;0;0;0;0;0;0;0;0;1;0;0;0;0
"21/09/2025";"16:53:36";"267";"Sem vítima";"642,970";"BR-277/PR";"Decrescente";"Colisão traseira";4;0;0;0;0;0;0;0;0;0;7;0;0;0;0
"21/09/2025";"19:30:58";"303";"Sem vítima";"164,000";"BR-163/PR";"Crescente";"Colisão traseira";0;0;0;1;0;0;0;0;0;1;3;0;0;0;0
"21/09/2025";"23:55:20";"349";"Com vítima";"162,000";"BR-163/PR";"Decrescente";"Tombamento";1;0;0;0;0;0;0;0;0;0;0;2;0;0;0
"22/09/2025";"07:15:25";"71";"Com vítima";"162,100";"BR-163/PR";"Crescente";"Acidentes de outra natureza";0;0;0;0;0;0;0;0;0;1;0;1;0;0;0
"22/09/2025";"07:33:40";"73";"Sem vítima";"347,100";"BR-277/PR";"Crescente";"Choque";1;0;0;0;0;0;0;0;0;0;1;0;0;0;0
"22/09/2025";"08:01:21";"84";"Sem vítima";"192,100";"BR-163/PR";"Decrescente";"Choque";1;0;0;0;0;0;0;0;0;0;1;0;0;0;0
"22/09/2025";"09:32:01";"110";"Sem vítima";"426,200";"BR-277/PR";"Crescente";"Choque";1;0;0;0;0;0;0;0;0;0;1;0;0;0;0
"22/09/2025";"12:35:20";"198";"Sem vítima";"227,500";"280/PR";"Decrescente";"Choque";0;0;0;0;0;0;0;0;0;1;0;0;0;0;0
"22/09/2025";"14:06:40";"225";"Com vítima";"454,247";"BR-277/PR";"Decrescente";"Colisão traseira";1;0;1;0;0;0;0;0;0;0;1;0;1;1;0
"22/09/2025";"15:37:25";"264";"Com vítima";"529,962";"BR-277/PR";"Crescente";"Tombamento";0;0;1;0;0;0;0;0;0;0;0;1;0;0;0
"22/09/2025";"23:08:29";"340";"Com vítima";"588,100";"BR-277/PR";"Crescente";"Atropelamento de pedestre";0;0;0;0;1;0;0;0;0;0;1;0;0;1;0
"23/09/2025";"08:04:35";"114";"Sem vítima";"451,385";"BR-277/PR";"Decrescente";"Colisão traseira";1;0;1;0;0;0;0;0;0;0;3;0;0;0;0
"23/09/2025";"16:02:56";"272";"Sem vítima";"531,000";"BR-277/PR";"Crescente";"Colisão traseira";0;0;0;0;0;0;0;1;0;1;2;0;0;0;0
"23/09/2025";"16:43:54";"279";"Com vítima";"454,200";"BR-277/PR";"Decrescente";"Colisão traseira";1;0;0;1;0;0;0;0;0;0;1;0;1;0;0
"23/09/2025";"16:51:38";"282";"Com vítima";"512,500";"182/PR";"Decrescente";"Tombamento";0;0;0;1;0;0;0;0;0;0;0;0;0;2;0
"24/09/2025";"01:40:39";"39";"Sem vítima";"660,500";"BR-277/PR";"Crescente";"Choque";1;0;0;0;0;1;0;0;0;0;2;0;0;0;0