data;horario;n_da_ocorrencia;tipo_de_ocorrencia;km;trecho;sentido;tipo_de_acidente;automovel;bicicleta;caminhao;moto;onibus;outros;tracao_animal;transporte_de_cargas_especiais;trator_maquinas;utilitarios;ilesos;levemente_feridos;moderadamente_feridos;gravemente_feridos;mortos
"27/11/2025";"23:19:29";"445";"Com vítima";"165,590";"BR-163/PR";"Decrescente";"Colisão traseira";1;0;1;0;0;0;0;1;0;0;1;0;1;0;0
"28/11/2025";"06:12:01";"96";"Com vítima";"586,500";"BR-277/PR";"Decrescente";"Colisão traseira";1;0;0;1;0;0;0;0;0;0;1;1;0;0;0
"28/11/2025";"08:01:10";"161";"Com vítima";"723,655";"BR-277/PR";"Decrescente";"Colisão traseira";1;0;0;1;0;0;0;0;0;0;3;1;0;0;0
"28/11/2025";"08:10:43";"172";"Sem vítima";"470,200";"BR-277/PR";"Decrescente";"Colisão traseira";3;0;0;0;0;0;0;0;0;0;3;0;0;0;0
"28/11/2025";"09:04:44";"201";"Com vítima";"595,738";"BR-277/PR";"Decrescente";"Colisão traseira";0;0;1;0;0;0;0;0;0;1;1;1;0;0;0
"28/11/2025";"11:40:31";"276";"Sem vítima";"249,100";"280/PR";"Crescente";"Colisão traseira";2;0;0;0;0;0;0;0;0;0;2;0;0;0;0
"28/11/2025";"13:41:12";"305";"Com vítima";"646,823";"BR-277/PR";"Crescente";"Colisão traseira";0;0;1;0;0;0;0;1;0;0;1;0;0;1;0
"28/11/2025";"15:50:12";"345";"Sem vítima";"468,160";"BR-277/PR";"Decrescente";"Colisão traseira";1;0;1;0;0;0;0;0;0;0;2;0;0;0;0
"28/11/2025";"16:25:05";"357";"Sem vítima";"569,886";"BR-277/PR";"Decrescente";"Colisão traseira";0;0;0;1;0;0;0;0;0;0;1;0;0;0;0
"28/11/2025";"17:51:28";"386";"Sem vítima";"368,010";"BR-277/PR";"Decrescente";"Choque";1;0;0;0;0;0;0;0;0;0;1;0;0;0;0
"28/11/2025";"18:59:45";"399";"Sem vítima";"591,010";"BR-277/PR";"Decrescente";"Colisão traseira";2;0;0;0;0;0;0;0;0;0;2;0;0;0;0
"28/11/2025";"22:03:50";"424";"Com vítima";"724,600";"BR-277/PR";"Decrescente";"Atropelamento de pedestre";0;0;0;1;0;0;0;0;0;0;0;2;0;0;0
"28/11/2025";"22:27:57";"433";"Sem vítima";"213,500";"280/PR";"Crescente";"Colisão traseira";1;0;0;0;0;0;0;0;0;0;0;0;0;0;0
"28/11/2025";"22:49:31";"436";"Com vítima";"693,200";"BR-277/PR";"Decrescente";"Colisão traseira";2;0;0;0;0;0;0;0;0;0;1;2;0;0;0
"28/11/2025";"23:06:24";"441";"Sem vítima";"697,200";"BR-277/PR";"Crescente";"Atropelamento de animal";1;0;0;0;0;0;0;0;0;0;2;0;0;0;0
"28/11/2025";"23:19:04";"442";"Com vítima";"314,600";"BR-277/PR";"Decrescente";"Colisão traseira";2;0;1;0;0;0;0;0;0;1;2;0;3;1;1
"29/11/2025";"03:46:38";"58";"Com vítima";"424,300";"BR-277/PR";"Crescente";"Colisão traseira";1;0;0;0;0;0;0;0;0;0;0;2;0;0;0
"29/11/2025";"09:23:44";"189";"Sem vítima";"720,100";"BR-277/PR";"Crescente";"Choque";1;0;0;0;0;0;0;0;0;0;4;0;0;0;0
"29/11/2025";"18:10:26";"335";"Sem vítima";"663,250";"BR-277/PR";"Crescente";"Saída de pista";1;0;0;0;0;0;0;0;0;0;1;0;0;0;0
"29/11/2025";"18:34:18";"342";"Sem vítima";"128,300";"BR-163/PR";"Crescente";"Saída de pista";1;0;0;0;0;0;0;0;0;0;1;0;0;0;0
"29/11/2025";"18:38:34";"343";"Sem vítima";"724,100";"BR-277/PR";"Crescente";"Choque";1;0;0;0;0;0;0;0;0;0;1;0;0;0;0
"29/11/2025";"20:14:12";"360";"Com vítima";"475,370";"BR-277/PR";"Crescente";"Colisão traseira";1;0;0;0;0;0;0;0;0;0;0;1;0;0;0
"29/11/2025";"20:31:08";"365";"Com vítima";"516,600";"BR-277/PR";"Decrescente";"Capotamento";1;0;0;0;0;0;0;0;0;0;0;0;0;1;0
"29/11/2025";"22:18:09";"378";"Sem vítima";"149,010";"BR-163/PR";"Crescente";"Saída de pista";1;0;0;0;0;0;0;0;0;0;1;0;0;0;0
"29/11/2025";"22:41:45";"381";"Com vítima";"488,100";"182/PR";"Crescente";"Colisão traseira";0;0;0;2;0;0;0;0;0;0;0;0;0;2;0
"29/11/2025";"23:08:08";"388";"Com vítima";"714,100";"BR-277/PR";"Crescente";"Atropelamento de pedestre";0;0;0;0;0;0;0;0;0;0;0;1;0;0;0
"30/11/2025";"03:21:50";"55";"Com vítima";"612,010";"BR-277/PR";"Decrescente";"Colisão traseira";1;0;0;1;0;0;0;0;0;0;4;1;1;0;0
"30/11/2025";"05:02:14";"59";"Sem vítima";"351,050";"BR-277/PR";"Decrescente";"Choque";1;0;0;0;0;0;0;0;0;0;0;0;0;0;0
"30/11/2025";"14:27:10";"221";"Sem vítima";"512,100";"182/PR";"Crescente";"Choque";1;0;0;0;0;0;0;0;0;0;4;0;0;0;0
"30/11/2025";"15:24:25";"234";"Sem vítima";"158,227";"BR-163/PR";"Crescente";"Tombamento";0;0;1;0;0;0;0;0;0;0;1;0;0;0;0
"30/11/2025";"15:29:50";"237";"Com vítima";"362,586";"BR-277/PR";"Decrescente";"Colisão traseira";1;0;1;0;0;0;0;0;0;0;1;0;4;0;0
"30/11/2025";"16:32:14";"248";"Sem vítima";"477,500";"BR-277/PR";"Crescente";"Colisão traseira";2;0;0;0;0;0;0;0;0;0;9;0;0;0;0
"30/11/2025";"17:10:27";"260";"Com vítima";"495,500";"BR-277/PR";"Decrescente";"Colisão traseira";1;0;0;1;0;0;0;0;0;0;2;1;0;0;0
"30/11/2025";"21:32:56";"297";"Sem vítima";"716,010";"BR-277/PR";"Decrescente";"Saída de pista";1;0;0;0;0;0;0;0;0;0;2;0;0;0;0
"01/12/2025";"00:36:48";"21";"Sem vítima";"664,010";"BR-277/PR";"Crescente";"Saída de pista";1;0;0;0;0;0;0;0;0;0;2;0;0;0;0
"01/12/2025";"04:00:03";"56";"Com vítima";"614,360";"BR-277/PR";"Decrescente";"Capotamento";1;0;0;0;0;0;0;0;0;0;3;2;0;0;0
"01/12/2025";"05:04:30";"62";"Com vítima";"647,380";"BR-277/PR";"Decrescente";"Colisão traseira";2;0;0;0;0;0;0;0;0;0;0;0;6;0;2
"01/12/2025";"09:05:01";"179";"Com vítima";"353,712";"BR-277/PR";"Decrescente";"Colisão traseira";0;0;1;0;0;0;0;0;0;1;1;0;3;0;1
"01/12/2025";"09:49:05";"193";"Sem vítima";"16,500";"483/PR";"Crescente";"Colisão traseira";1;0;0;0;0;0;0;0;0;0;0;0;0;0;0
"01/12/2025";"09:56:14";"194";"Sem vítima";"388,010";"BR-277/PR";"Decrescente";"Colisão traseira";0;0;1;0;0;0;0;0;0;1;2;0;0;0;0
"01/12/2025";"11:32:51";"217";"Sem vítima";"513,010";"182/PR";"Decrescente";"Colisão traseira";1;0;1;0;0;0;0;0;0;0;2;0;0;0;0
"01/12/2025";"12:37:19";"228";"Sem vítima";"657,200";"BR-277/PR";"Decrescente";"Choque";1;0;0;0;0;0;0;0;0;0;2;0;0;0;0
"01/12/2025";"12:54:49";"231";"Com vítima";"410,900";"BR-277/PR";"Decrescente";"Tombamento";0;0;1;0;0;0;0;0;0;0;0;1;0;0;0
"01/12/2025";"16:17:02";"290";"Sem vítima";"191,750";"BR-163/PR";"Crescente";"Choque";1;0;0;0;0;0;0;0;0;0;2;0;0;0;0
"01/12/2025";"17:25:22";"306";"Sem vítima";"365,100";"BR-277/PR";"Crescente";"Colisão traseira";0;0;0;0;0;0;0;0;0;1;1;0;0;0;0
"01/12/2025";"19:01:40";"327";"Com vítima";"721,757";"BR-277/PR";"Decrescente";"Colisão traseira";2;0;0;0;0;0;0;0;0;0;1;0;1;0;0
"01/12/2025";"19:27:34";"330";"Com vítima";"130,925";"BR-163/PR";"Crescente";"Tombamento";0;0;1;0;0;0;0;0;0;0;0;1;0;0;0
"01/12/2025";"19:51:24";"333";"Sem vítima";"664,522";"BR-277/PR";"Crescente";"Acidentes de outra natureza";1;0;0;0;0;0;0;0;0;0;1;0;0;0;0
"01/12/2025";"20:49:21";"346";"Com vítima";"313,870";"BR-277/PR";"Decrescente";"Colisão traseira";1;0;4;0;0;0;0;0;0;1;5;1;0;1;1
"01/12/2025";"21:20:03";"354";"Sem vítima";"598,015";"BR-277/PR";"Crescente";"Atropelamento de animal";1;0;0;0;0;0;0;0;0;0;1;0;0;0;0
"02/12/2025";"01:11:45";"44";"Sem vítima";"229,348";"280/PR";"Decrescente";"Acidentes de outra natureza";0;0;1;0;0;0;0;0;0;0;1;0;0;0;0
"02/12/2025";"07:58:30";"163";"Com vítima";"723,100";"BR-277/PR";"Crescente";"Atropelamento de pedestre";0;0;0;1;0;0;0;0;0;0;0;2;0;0;0
"02/12/2025";"08:05:10";"170";"Com vítima";"598,050";"BR-277/PR";"Crescente";"Saída de pista";0;0;0;1;0;0;0;0;0;0;0;1;0;0;0
"02/12/2025";"09:49:38";"222";"Sem vítima";"486,010";"182/PR";"Decrescente";"Colisão traseira";0;0;0;0;0;0;0;0;0;1;1;0;0;0;0
"02/12/2025";"12:10:10";"267";"Sem vítima";"161,388";"BR-163/PR";"Decrescente";"Tombamento";0;0;1;0;0;0;0;0;0;0;1;0;0;0;0
"02/12/2025";"13:26:39";"283";"Sem vítima";"613,371";"BR-277/PR";"Decrescente";"Colisão traseira";2;0;0;0;0;0;0;0;0;0;6;0;0;0;0
"02/12/2025";"18:21:27";"333";"Sem vítima";"676,360";"BR-277/PR";"Decrescente";"Colisão traseira";0;0;1;0;0;0;0;0;0;1;2;0;0;0;0
"02/12/2025";"18:22:30";"334";"Com vítima";"725,100";"BR-277/PR";"Crescente";"Colisão traseira";0;0;1;1;0;0;0;0;0;0;1;1;0;0;0
"02/12/2025";"18:55:51";"346";"Sem vítima";"601,500";"BR-277/PR";"Decrescente";"Colisão traseira";1;0;1;0;0;0;0;0;0;0;2;0;0;0;0
"02/12/2025";"20:26:23";"370";"Com vítima";"675,800";"BR-277/PR";"Crescente";"Atropelamento de pedestre";1;0;0;0;0;0;0;0;0;0;3;1;0;0;1
"03/12/2025";"06:32:23";"109";"Sem vítima";"304,000";"BR-277/PR";"Crescente";"Choque";1;0;0;0;0;0;0;0;0;0;2;0;0;0;0
"03/12/2025";"07:16:29";"130";"Sem vítima";"513,100";"BR-277/PR";"Crescente";"Colisão traseira";0;0;2;0;0;0;0;0;0;0;2;0;0;0;0
"03/12/2025";"14:04:05";"311";"Sem vítima";"587,657";"BR-277/PR";"Crescente";"Choque";1;0;0;0;0;0;0;0;0;0;1;0;0;0;0
"03/12/2025";"15:18:32";"334";"Sem vítima";"248,100";"280/PR";"Crescente";"Colisão traseira";1;0;1;0;0;0;0;0;0;0;4;0;0;0;0
"03/12/2025";"17:22:14";"366";"Com vítima";"558,450";"BR-277/PR";"Decrescente";"Capotamento";1;0;0;0;0;0;0;0;0;0;0;2;2;0;0
"03/12/2025";"17:55:11";"375";"Com vítima";"386,400";"BR-277/PR";"Crescente";"Colisão traseira";0;0;2;0;0;0;0;0;0;0;1;1;0;0;0
"03/12/2025";"19:51:09";"395";"Com vítima";"699,800";"BR-277/PR";"Decrescente";"Saída de pista";0;0;0;1;0;0;0;0;0;0;0;2;0;0;0
"04/12/2025";"03:29:10";"58";"Sem vítima";"670,100";"BR-277/PR";"Decrescente";"Atropelamento de animal";1;0;0;0;0;0;0;0;0;0;2;0;0;0;0
"04/12/2025";"04:44:36";"64";"Sem vítima";"721,800";"BR-277/PR";"Crescente";"Choque";1;0;0;0;0;0;0;0;0;0;3;0;0;0;0
"04/12/2025";"06:19:26";"84";"Com vítima";"647,470";"BR-277/PR";"Decrescente";"Colisão traseira";0;0;1;0;1;0;0;0;0;0;21;2;1;0;0
"04/12/2025";"17:24:27";"387";"Sem vítima";"582,929";"BR-277/PR";"Crescente";"Colisão traseira";0;0;1;0;0;0;0;0;0;0;1;0;0;0;0
"04/12/2025";"20:36:07";"431";"Com vítima";"694,010";"BR-277/PR";"Decrescente";"Colisão traseira";1;0;0;1;0;0;0;0;0;0;1;0;1;0;0
"04/12/2025";"21:15:01";"441";"Sem vítima";"346,010";"BR-277/PR";"Decrescente";"Colisão traseira";1;0;1;0;0;0;0;0;0;1;4;0;0;0;0
"04/12/2025";"21:40:08";"443";"Com vítima";"725,100";"BR-277/PR";"Decrescente";"Colisão traseira";1;0;0;1;0;0;0;0;0;0;1;2;0;0;0
"04/12/2025";"23:36:55";"456";"Sem vítima";"657,010";"BR-277/PR";"Decrescente";"Atropelamento de animal";1;0;0;0;0;0;0;0;0;0;1;0;0;0;0
"05/12/2025";"08:55:31";"191";"Sem vítima";"565,454";"BR-277/PR";"Decrescente";"Atropelamento de animal";1;0;0;0;0;0;0;0;0;0;2;0;0;0;0
"05/12/2025";"12:24:57";"268";"Sem vítima";"622,500";"BR-277/PR";"Crescente";"Colisão traseira";1;0;1;0;0;0;0;0;0;0;5;0;0;0;0
"05/12/2025";"13:27:58";"286";"Sem vítima";"714,880";"BR-277/PR";"Crescente";"Capotamento";1;0;0;0;0;0;0;0;0;0;1;0;0;0;0
"05/12/2025";"18:39:57";"358";"Sem vítima";"356,200";"BR-277/PR";"Decrescente";"Colisão traseira";0;0;0;0;0;0;0;0;0;1;1;0;0;0;0
"05/12/2025";"18:49:34";"362";"Com vítima";"726,100";"BR-277/PR";"Crescente";"Colisão traseira";0;0;0;1;0;0;0;0;0;0;0;1;1;0;0
"05/12/2025";"20:39:18";"389";"Com vítima";"344,860";"BR-277/PR";"Decrescente";"Colisão traseira";1;0;0;0;0;0;0;0;0;0;1;2;0;0;0
"05/12/2025";"20:56:47";"394";"Sem vítima";"600,514";"BR-277/PR";"Decrescente";"Choque";1;0;0;0;0;0;0;0;0;0;1;0;0;0;0
"06/12/2025";"07:01:47";"107";"Com vítima";"719,600";"BR-277/PR";"Crescente";"Choque";1;0;0;0;0;0;0;0;0;0;0;2;0;0;0
"06/12/2025";"09:30:30";"210";"Sem vítima";"333,100";"BR-277/PR";"Decrescente";"Colisão traseira";2;0;0;0;0;0;0;0;0;0;5;0;0;0;0
"06/12/2025";"10:27:39";"235";"Sem vítima";"622,400";"BR-277/PR";"Decrescente";"Colisão traseira";1;0;0;0;0;0;0;0;0;0;3;0;0;0;0
"06/12/2025";"12:49:51";"274";"Com vítima";"487,010";"BR-277/PR";"Decrescente";"Choque";1;0;0;0;0;0;0;0;0;0;1;0;1;0;0
"06/12/2025";"13:03:53";"276";"Sem vítima";"475,010";"BR-277/PR";"Decrescente";"Colisão traseira";1;0;0;0;0;0;0;0;0;1;3;0;0;0;0
"06/12/2025";"14:25:42";"292";"Sem vítima";"373,005";"BR-277/PR";"Crescente";"Tombamento";0;0;1;0;0;0;0;0;0;0;1;0;0;0;0
"06/12/2025";"16:20:50";"328";"Sem vítima";"505,100";"180/PR";"Decrescente";"Colisão traseira";1;0;0;0;0;0;0;0;0;0;1;0;0;0;0
"06/12/2025";"16:29:52";"333";"Com vítima";"586,800";"BR-277/PR";"Crescente";"Choque";1;0;0;0;0;0;0;0;0;0;2;1;0;0;0
"06/12/2025";"16:31:56";"334";"Sem vítima";"146,010";"BR-163/PR";"Decrescente";"Choque";1;0;0;0;0;0;0;0;0;0;4;0;0;0;0
"06/12/2025";"19:58:31";"393";"Com vítima";"195,236";"BR-163/PR";"Decrescente";"Capotamento";1;0;0;0;0;0;0;0;0;0;0;0;0;1;0
"06/12/2025";"20:23:25";"397";"Com vítima";"583,447";"BR-277/PR";"Crescente";"Atropelamento de pedestre";1;0;0;0;0;0;0;0;0;0;0;1;0;0;1
"07/12/2025";"01:23:38";"48";"Com vítima";"667,890";"BR-277/PR";"Decrescente";"Capotamento";1;0;0;0;0;0;0;0;0;0;0;0;2;0;0
"07/12/2025";"02:56:14";"72";"Com vítima";"367,194";"BR-277/PR";"Decrescente";"Colisão traseira";1;0;0;1;0;0;0;0;0;0;4;0;0;1;0
"07/12/2025";"18:08:33";"303";"Sem vítima";"244,055";"280/PR";"Decrescente";"Acidentes de outra natureza";1;0;0;0;0;0;0;0;0;0;1;0;0;0;0
"07/12/2025";"21:36:03";"357";"Sem vítima";"436,450";"BR-277/PR";"Decrescente";"Choque";0;0;0;0;0;0;0;0;0;1;1;0;0;0;0
"07/12/2025";"21:53:57";"359";"Sem vítima";"163,220";"BR-163/PR";"Decrescente";"Choque";1;0;0;0;0;0;0;0;0;0;1;0;0;0;0
"07/12/2025";"21:54:33";"360";"Sem vítima";"405,530";"BR-277/PR";"Decrescente";"Acidentes de outra natureza";1;0;0;0;0;0;0;0;0;0;2;0;0;0;0
"08/12/2025";"01:48:45";"44";"Com vítima";"704,682";"BR-277/PR";"Crescente";"Acidentes de outra natureza";1;0;0;0;0;0;0;0;0;0;4;0;1;0;0
"08/12/2025";"07:02:43";"108";"Sem vítima";"0,100";"483/PR";"Decrescente";"Colisão traseira";2;0;0;0;0;0;0;0;0;0;2;0;0;0;0
"08/12/2025";"07:57:42";"149";"Sem vítima";"581,000";"BR-277/PR";"Decrescente";"Choque";1;0;0;0;0;0;0;0;0;0;1;0;0;0;0
"08/12/2025";"08:24:57";"172";"Com vítima";"411,586";"BR-277/PR";"Crescente";"Tombamento";0;0;0;0;0;0;0;1;0;0;0;0;1;0;0
"08/12/2025";"10:28:13";"235";"Sem vítima";"326,276";"BR-277/PR";"Crescente";"Choque";1;0;0;0;0;0;0;0;0;0;1;0;0;0;0
"08/12/2025";"13:27:12";"270";"Sem vítima";"251,100";"280/PR";"Crescente";"Colisão traseira";1;0;0;0;0;0;0;1;0;0;2;0;0;0;0
"08/12/2025";"14:07:50";"287";"Sem vítima";"635,100";"BR-277/PR";"Decrescente";"Capotamento";1;0;0;0;0;0;0;0;0;0;1;0;0;0;0
"08/12/2025";"14:24:40";"293";"Sem vítima";"593,570";"BR-277/PR";"Decrescente";"Colisão traseira";1;0;1;0;0;0;0;0;0;0;2;0;0;0;0
"08/12/2025";"16:33:24";"327";"Sem vítima";"152,411";"BR-163/PR";"Decrescente";"Choque";1;0;0;0;0;0;0;0;0;0;1;0;0;0;0
"08/12/2025";"17:22:18";"336";"Sem vítima";"155,100";"BR-163/PR";"Decrescente";"Choque";1;0;0;0;0;0;0;0;0;0;3;0;0;0;0
"08/12/2025";"18:07:22";"345";"Sem vítima";"237,010";"280/PR";"Decrescente";"Saída de pista";1;0;0;0;0;0;0;0;0;0;3;0;0;0;0
"08/12/2025";"18:13:40";"346";"Sem vítima";"135,010";"BR-163/PR";"Crescente";"Choque";1;0;0;0;0;0;0;0;0;0;5;0;0;0;0
"08/12/2025";"22:58:04";"392";"Sem vítima";"700,010";"BR-277/PR";"Crescente";"Choque";1;0;0;0;0;0;0;0;0;0;4;0;0;0;0
"09/12/2025";"00:47:15";"38";"Com vítima";"415,454";"BR-277/PR";"Crescente";"Tombamento";0;0;1;0;0;0;0;0;0;0;0;1;0;0;0
"09/12/2025";"00:57:43";"41";"Sem vítima";"124,010";"BR-163/PR";"Decrescente";"Choque";1;0;0;0;0;0;0;0;0;0;2;0;0;0;0
"09/12/2025";"03:27:46";"63";"Sem vítima";"132,600";"BR-163/PR";"Crescente";"Saída de pista";1;0;0;0;0;0;0;0;0;0;5;0;0;0;0
"09/12/2025";"07:02:38";"113";"Sem vítima";"583,273";"BR-277/PR";"Crescente";"Colisão traseira";1;0;1;0;0;0;0;0;0;0;4;0;0;0;0
"09/12/2025";"12:25:28";"259";"Com vítima";"525,100";"BR-277/PR";"Crescente";"Colisão traseira";1;0;0;0;0;0;0;0;0;0;1;0;0;0;0
"09/12/2025";"14:20:45";"290";"Sem vítima";"194,100";"BR-163/PR";"Decrescente";"Acidentes de outra natureza";1;0;0;0;0;0;0;0;0;0;1;0;0;0;0
"10/12/2025";"04:53:26";"71";"Sem vítima";"707,400";"BR-277/PR";"Crescente";"Colisão traseira";2;0;0;0;0;0;0;0;0;0;7;0;0;0;0
"10/12/2025";"06:39:53";"98";"Com vítima";"12,400";"483/PR";"Crescente";"Colisão traseira";0;0;1;0;0;0;0;0;0;1;1;1;0;0;0
"10/12/2025";"06:51:38";"105";"Sem vítima";"486,010";"BR-277/PR";"Crescente";"Choque";0;0;1;0;0;0;0;0;0;0;1;0;0;0;0
"10/12/2025";"08:05:57";"147";"Com vítima";"25,100";"483/PR";"Crescente";"Colisão traseira";0;0;0;1;0;0;0;0;0;1;1;1;0;0;0
"10/12/2025";"08:08:27";"150";"Sem vítima";"169,354";"BR-163/PR";"Decrescente";"Choque";0;0;1;0;0;0;0;0;0;0;2;0;0;0;0
"10/12/2025";"10:56:13";"231";"Sem vítima";"727,010";"BR-277/PR";"Crescente";"Colisão traseira";4;0;0;0;0;0;0;0;0;0;5;0;0;0;0
"10/12/2025";"13:59:06";"287";"Com vítima";"601,600";"BR-277/PR";"Decrescente";"Saída de pista";0;0;0;1;0;0;0;0;0;0;0;1;0;0;0
"10/12/2025";"15:29:37";"304";"Com vítima";"503,700";"180/PR";"Crescente";"Colisão traseira";0;0;0;1;0;0;0;0;0;1;1;1;0;0;0
"10/12/2025";"16:42:08";"316";"Com vítima";"504,451";"180/PR";"Crescente";"Atropelamento de pedestre";1;0;0;0;0;0;0;0;0;0;1;1;0;0;0
"11/12/2025";"03:10:16";"67";"Com vítima";"703,500";"BR-277/PR";"Decrescente";"Saída de pista";0;0;0;1;0;0;0;0;0;0;0;0;1;0;0
"11/12/2025";"09:06:56";"194";"Sem vítima";"512,511";"182/PR";"Decrescente";"Capotamento";1;0;0;0;0;0;0;0;0;0;3;0;0;0;0
"11/12/2025";"12:08:49";"258";"Sem vítima";"686,200";"BR-277/PR";"Decrescente";"Colisão traseira";2;0;0;0;0;0;0;0;0;0;2;0;0;0;0
"11/12/2025";"16:05:35";"314";"Sem vítima";"571,128";"BR-277/PR";"Decrescente";"Choque";0;0;1;0;0;0;0;0;0;0;0;0;0;0;0
"11/12/2025";"19:50:32";"371";"Com vítima";"603,815";"BR-277/PR";"Decrescente";"Colisão traseira";2;0;0;0;0;0;0;0;0;0;4;1;0;0;0
"12/12/2025";"07:56:14";"149";"Com vítima";"595,000";"BR-277/PR";"Decrescente";"Colisão traseira";0;0;0;1;0;0;0;0;0;0;0;1;0;0;0
"12/12/2025";"08:02:08";"152";"Sem vítima";"171,300";"BR-163/PR";"Decrescente";"Choque";0;0;0;0;0;0;0;0;0;1;1;0;0;0;0
"12/12/2025";"08:04:21";"155";"Com vítima";"730,300";"BR-277/PR";"Crescente";"Colisão traseira";1;0;0;0;1;0;0;0;0;0;2;1;0;0;0
"12/12/2025";"11:48:47";"220";"Sem vítima";"153,000";"BR-163/PR";"Crescente";"Capotamento";0;0;0;0;0;0;0;0;0;1;3;0;0;0;0
"12/12/2025";"13:40:46";"234";"Sem vítima";"142,000";"BR-163/PR";"Crescente";"Acidentes de outra natureza";0;0;0;0;0;0;0;0;0;1;1;0;0;0;0
"12/12/2025";"13:57:06";"238";"Sem vítima";"171,300";"BR-163/PR";"Decrescente";"Choque";1;0;0;0;0;0;0;0;0;0;3;0;0;0;0
"12/12/2025";"16:11:38";"265";"Com vítima";"694,837";"BR-277/PR";"Decrescente";"Colisão traseira";0;0;0;1;0;0;0;0;0;0;0;0;1;0;0
"12/12/2025";"17:47:17";"288";"Sem vítima";"587,100";"BR-277/PR";"Crescente";"Colisão traseira";2;0;0;0;0;0;0;0;0;0;2;0;0;0;0
"12/12/2025";"18:12:44";"291";"Sem vítima";"587,001";"BR-277/PR";"Crescente";"Colisão traseira";1;0;0;0;0;0;0;1;0;0;3;0;0;0;0
"12/12/2025";"18:27:31";"294";"Sem vítima";"355,200";"BR-277/PR";"Decrescente";"Colisão traseira";2;0;0;0;0;0;0;0;0;0;2;0;0;0;0
"12/12/2025";"19:50:57";"324";"Sem vítima";"506,010";"BR-277/PR";"Crescente";"Choque";1;0;0;0;0;0;0;0;0;0;1;0;0;0;0
"12/12/2025";"21:57:05";"359";"Sem vítima";"374,900";"BR-277/PR";"Decrescente";"Choque";0;0;1;0;0;0;0;0;0;0;1;0;0;0;0
"13/12/2025";"02:18:26";"63";"Sem vítima";"535,100";"182/PR";"Crescente";"Choque";1;0;0;0;0;0;0;0;0;0;1;0;0;0;0
"13/12/2025";"04:08:41";"82";"Sem vítima";"502,100";"182/PR";"Crescente";"Choque";0;0;0;0;0;0;0;0;0;1;2;0;0;0;0
"13/12/2025";"05:46:18";"101";"Sem vítima";"536,010";"BR-277/PR";"Decrescente";"Choque";1;0;0;0;0;0;0;0;0;0;1;0;0;0;0
"13/12/2025";"08:04:59";"174";"Sem vítima";"725,000";"BR-277/PR";"Crescente";"Acidentes de outra natureza";1;0;0;0;0;0;0;0;0;0;1;0;0;0;0
"13/12/2025";"08:44:31";"207";"Sem vítima";"723,500";"BR-277/PR";"Crescente";"Colisão traseira";1;0;0;0;0;0;0;0;0;0;2;0;0;0;0
"13/12/2025";"08:55:42";"218";"Sem vítima";"518,000";"182/PR";"Decrescente";"Colisão traseira";2;0;0;0;0;0;0;0;0;0;3;0;0;0;0
"13/12/2025";"10:12:34";"249";"Com vítima";"664,010";"BR-277/PR";"Crescente";"Colisão traseira";2;0;0;0;0;0;0;0;0;0;0;1;0;3;0
"13/12/2025";"12:37:13";"295";"Sem vítima";"141,500";"BR-163/PR";"Crescente";"Tombamento";0;0;1;0;0;0;0;0;0;0;1;0;0;0;0
"13/12/2025";"14:15:13";"321";"Com vítima";"367,010";"BR-277/PR";"Decrescente";"Colisão traseira";1;0;2;0;0;0;0;0;0;0;3;2;0;0;0
"13/12/2025";"21:06:59";"406";"Sem vítima";"335,318";"BR-277/PR";"Crescente";"Atropelamento de animal";1;0;0;0;0;0;0;0;0;0;1;0;0;0;0
"14/12/2025";"00:38:00";"26";"Com vítima";"689,300";"BR-277/PR";"Crescente";"Capotamento";1;0;0;0;0;0;0;0;0;0;0;1;0;0;0
"14/12/2025";"03:04:18";"59";"Sem vítima";"523,010";"182/PR";"Crescente";"Choque";1;0;0;0;0;0;0;0;0;0;1;0;0;0;0