data;horario;n_da_ocorrencia;tipo_de_ocorrencia;km;trecho;sentido;tipo_de_acidente;automovel;bicicleta;caminhao;moto;onibus;outros;tracao_animal;transporte_de_cargas_especiais;trator_maquinas;utilitarios;ilesos;levemente_feridos;moderadamente_feridos;gravemente_feridos;mortos
"14/12/2025";"03:06:45";"60";"Sem vítima";"174,010";"BR-163/PR";"Decrescente";"Atropelamento de animal";1;0;0;0;0;0;0;0;0;0;1;0;0;0;0
"14/12/2025";"03:51:41";"70";"Sem vítima";"719,010";"BR-277/PR";"Crescente";"Choque";1;0;0;0;0;0;0;0;0;0;0;0;0;0;0
"14/12/2025";"05:12:31";"78";"Sem vítima";"726,600";"BR-277/PR";"Decrescente";"Choque";1;0;0;0;0;0;0;0;0;0;1;0;0;0;0
"14/12/2025";"06:26:49";"88";"Sem vítima";"342,418";"BR-277/PR";"Crescente";"Capotamento";1;0;0;0;0;0;0;0;0;0;1;0;0;0;0
"14/12/2025";"11:06:12";"191";"Sem vítima";"152,500";"BR-163/PR";"Decrescente";"Choque";0;0;1;0;0;0;0;0;0;0;1;0;0;0;0
"14/12/2025";"13:09:55";"211";"Sem vítima";"175,727";"BR-163/PR";"Decrescente";"Choque";1;0;0;0;0;1;0;0;0;0;1;0;0;0;0
"14/12/2025";"15:26:26";"236";"Sem vítima";"487,400";"BR-277/PR";"Decrescente";"Choque";1;0;0;0;0;0;0;0;0;0;4;0;0;0;0
"14/12/2025";"19:45:43";"295";"Com vítima";"21,100";"483/PR";"Decrescente";"Colisão traseira";1;0;0;0;0;0;0;0;0;0;1;2;0;0;0
"14/12/2025";"19:59:59";"296";"Sem vítima";"725,100";"BR-277/PR";"Crescente";"Capotamento";1;0;0;0;0;0;0;0;0;0;1;0;0;0;0
"14/12/2025";"20:41:16";"302";"Sem vítima";"345,200";"BR-277/PR";"Decrescente";"Colisão traseira";2;0;0;0;0;0;0;0;0;0;2;0;0;0;0
"14/12/2025";"23:55:23";"328";"Com vítima";"594,010";"BR-277/PR";"Crescente";"Capotamento";1;0;0;0;0;0;0;0;0;0;0;1;0;0;0
"15/12/2025";"08:25:07";"173";"Com vítima";"595,600";"BR-277/PR";"Crescente";"Colisão traseira";1;0;0;0;0;0;0;0;0;0;1;0;0;0;0
"15/12/2025";"09:38:31";"212";"Sem vítima";"722,200";"BR-277/PR";"Crescente";"Colisão traseira";2;0;0;0;0;0;0;0;0;0;2;0;0;0;0
"15/12/2025";"17:18:17";"358";"Sem vítima";"654,110";"BR-277/PR";"Crescente";"Colisão traseira";2;0;0;0;0;0;0;0;0;1;7;0;0;0;0
"15/12/2025";"17:30:32";"361";"Com vítima";"252,010";"280/PR";"Decrescente";"Colisão traseira";2;0;0;0;0;0;0;0;0;0;2;1;0;0;0
"15/12/2025";"17:50:42";"366";"Com vítima";"498,145";"182/PR";"Decrescente";"Colisão traseira";0;0;1;0;0;0;0;0;0;1;0;0;3;0;1
"15/12/2025";"22:27:03";"442";"Sem vítima";"368,300";"BR-277/PR";"Crescente";"Acidentes de outra natureza";1;0;0;0;0;0;0;0;0;0;2;0;0;0;0
"16/12/2025";"09:53:03";"236";"Com vítima";"501,010";"180/PR";"Crescente";"Acidentes de outra natureza";0;0;0;1;0;0;0;0;0;0;0;1;0;0;0
"16/12/2025";"13:52:57";"320";"Sem vítima";"710,700";"BR-277/PR";"Crescente";"Colisão traseira";1;0;1;0;0;0;0;0;0;0;2;0;0;0;0
"16/12/2025";"14:21:10";"332";"Com vítima";"584,400";"BR-277/PR";"Decrescente";"Acidentes de outra natureza";0;0;0;0;0;1;0;0;0;0;0;0;0;0;0
"16/12/2025";"18:23:31";"407";"Sem vítima";"513,100";"BR-277/PR";"Decrescente";"Colisão traseira";1;0;0;0;0;0;0;0;0;1;2;0;0;0;0
"17/12/2025";"06:45:37";"107";"Com vítima";"589,800";"BR-277/PR";"Decrescente";"Colisão traseira";1;1;0;0;0;0;0;0;0;0;1;0;0;0;0
"17/12/2025";"10:43:18";"274";"Sem vítima";"355,500";"BR-277/PR";"Crescente";"Colisão traseira";0;0;2;0;0;0;0;0;0;0;4;0;0;0;0
"17/12/2025";"11:43:55";"292";"Sem vítima";"639,900";"BR-277/PR";"Decrescente";"Colisão traseira";2;0;0;0;0;0;0;0;0;0;3;0;0;0;0
"17/12/2025";"12:09:43";"303";"Sem vítima";"349,010";"BR-277/PR";"Crescente";"Choque";1;0;0;0;0;0;0;0;0;1;2;0;0;0;0
"17/12/2025";"14:49:14";"348";"Com vítima";"441,300";"BR-277/PR";"Decrescente";"Colisão traseira";2;0;0;0;0;0;0;0;0;0;0;1;1;1;0
"17/12/2025";"16:24:14";"379";"Sem vítima";"654,100";"BR-277/PR";"Decrescente";"Colisão traseira";2;0;0;0;0;0;0;0;0;0;2;0;0;0;0
"17/12/2025";"17:37:25";"400";"Com vítima";"424,100";"BR-277/PR";"Decrescente";"Choque";1;0;0;0;0;0;0;0;0;0;0;1;0;0;0
"17/12/2025";"19:25:20";"422";"Com vítima";"671,010";"BR-277/PR";"Decrescente";"Colisão traseira";1;0;1;0;0;0;0;0;0;0;1;0;1;0;0
"17/12/2025";"20:24:34";"436";"Sem vítima";"139,408";"BR-163/PR";"Decrescente";"Acidentes de outra natureza";0;0;0;1;0;0;0;0;0;0;2;0;0;0;0
"18/12/2025";"04:18:06";"80";"Com vítima";"400,010";"BR-277/PR";"Crescente";"Colisão traseira";0;0;2;0;0;0;0;0;0;0;0;2;0;0;0
"18/12/2025";"05:32:40";"89";"Com vítima";"147,500";"BR-163/PR";"Crescente";"Saída de pista";0;0;0;1;0;0;0;0;0;0;0;0;1;0;0
"18/12/2025";"07:52:30";"146";"Com vítima";"251,010";"280/PR";"Crescente";"Colisão traseira";1;0;0;1;0;0;0;0;0;0;1;1;0;0;0
"18/12/2025";"09:47:49";"239";"Sem vítima";"391,067";"BR-277/PR";"Crescente";"Colisão traseira";0;0;2;0;0;0;0;0;0;0;2;0;0;0;0
"18/12/2025";"11:58:30";"292";"Sem vítima";"572,112";"BR-277/PR";"Crescente";"Colisão traseira";1;0;0;0;0;0;0;0;0;1;4;0;0;0;0
"18/12/2025";"14:26:26";"336";"Sem vítima";"21,100";"483/PR";"Decrescente";"Colisão traseira";1;0;1;0;0;0;0;0;0;0;4;0;0;0;0
"18/12/2025";"14:56:25";"345";"Com vítima";"526,813";"BR-277/PR";"Crescente";"Colisão traseira";1;0;1;0;0;0;0;0;0;0;2;0;0;1;0
"19/12/2025";"10:31:53";"258";"Sem vítima";"464,300";"BR-277/PR";"Crescente";"Colisão traseira";1;0;0;0;0;0;0;0;0;0;3;0;0;0;0
"19/12/2025";"12:21:38";"295";"Sem vítima";"457,773";"BR-277/PR";"Decrescente";"Colisão traseira";1;0;1;0;0;0;0;0;0;0;2;0;0;0;0
"19/12/2025";"13:47:19";"319";"Sem vítima";"379,400";"BR-277/PR";"Crescente";"Colisão traseira";1;0;1;0;0;0;0;0;0;0;5;0;0;0;0
"19/12/2025";"17:35:55";"368";"Sem vítima";"457,329";"BR-277/PR";"Crescente";"Colisão traseira";0;0;1;0;0;0;0;0;0;1;2;0;0;0;0
"19/12/2025";"19:02:24";"395";"Sem vítima";"589,220";"BR-277/PR";"Crescente";"Colisão traseira";0;0;2;0;0;0;0;0;0;0;2;0;0;0;0
"19/12/2025";"20:48:54";"417";"Sem vítima";"587,909";"BR-277/PR";"Crescente";"Colisão traseira";2;0;0;0;0;0;0;0;0;0;2;0;0;0;0
"19/12/2025";"22:08:34";"437";"Com vítima";"682,680";"BR-277/PR";"Decrescente";"Colisão traseira";0;0;0;0;0;0;0;1;0;1;1;0;1;0;0
"20/12/2025";"00:48:49";"32";"Com vítima";"253,030";"280/PR";"Decrescente";"Atropelamento de animal";0;0;0;1;0;0;0;0;0;0;0;1;0;0;0
"20/12/2025";"03:58:06";"77";"Sem vítima";"699,900";"BR-277/PR";"Crescente";"Choque";0;0;0;0;1;0;0;0;0;0;10;0;0;0;0
"20/12/2025";"05:38:28";"93";"Com vítima";"726,240";"BR-277/PR";"Decrescente";"Saída de pista";0;0;0;1;0;0;0;0;0;0;0;0;1;0;0
"20/12/2025";"05:57:25";"99";"Sem vítima";"148,500";"BR-163/PR";"Decrescente";"Saída de pista";0;0;1;0;0;0;0;0;0;0;1;0;0;0;0
"20/12/2025";"09:08:10";"174";"Com vítima";"693,700";"BR-277/PR";"Decrescente";"Acidentes de outra natureza";0;0;0;0;0;1;0;0;0;0;0;0;0;0;0
"20/12/2025";"10:51:24";"209";"Sem vítima";"641,700";"BR-277/PR";"Decrescente";"Colisão traseira";2;0;0;0;0;0;0;0;0;0;7;0;0;0;0
"20/12/2025";"10:59:52";"213";"Sem vítima";"617,010";"BR-277/PR";"Decrescente";"Colisão traseira";2;0;0;0;0;0;0;0;0;0;9;0;0;0;0
"20/12/2025";"17:42:21";"338";"Com vítima";"688,080";"BR-277/PR";"Decrescente";"Colisão traseira";1;0;0;0;0;0;0;0;0;1;2;0;1;0;0
"20/12/2025";"20:52:28";"393";"Com vítima";"350,100";"BR-277/PR";"Crescente";"Colisão traseira";1;0;0;0;0;0;0;0;0;1;2;0;1;0;0
"20/12/2025";"21:00:35";"394";"Com vítima";"693,900";"BR-277/PR";"Crescente";"Colisão traseira";1;0;0;1;0;0;0;0;0;0;1;0;1;0;0
"20/12/2025";"21:06:39";"395";"Com vítima";"553,559";"BR-277/PR";"Crescente";"Colisão traseira";2;0;0;0;0;0;0;0;0;0;3;1;0;0;0
"21/12/2025";"00:20:08";"10";"Sem vítima";"676,510";"BR-277/PR";"Decrescente";"Acidentes de outra natureza";1;0;0;0;0;0;0;0;0;0;2;0;0;0;0
"21/12/2025";"00:55:33";"26";"Sem vítima";"465,090";"BR-277/PR";"Crescente";"Choque";1;0;0;0;0;0;0;0;0;0;0;0;0;0;0
"21/12/2025";"06:09:35";"113";"Sem vítima";"518,462";"BR-277/PR";"Crescente";"Saída de pista";1;0;0;0;0;0;0;0;0;0;1;0;0;0;0
"21/12/2025";"10:54:49";"215";"Com vítima";"661,100";"BR-277/PR";"Decrescente";"Saída de pista";0;0;0;1;0;0;0;0;0;0;0;0;1;0;0
"21/12/2025";"14:28:31";"275";"Sem vítima";"689,010";"BR-277/PR";"Decrescente";"Colisão traseira";1;0;1;0;0;0;0;0;0;0;3;0;0;0;0
"21/12/2025";"22:46:45";"412";"Com vítima";"692,210";"BR-277/PR";"Crescente";"Choque";1;0;0;0;0;0;0;0;0;0;0;1;0;0;0
"22/12/2025";"01:22:42";"54";"Com vítima";"519,112";"BR-277/PR";"Crescente";"Colisão traseira";1;0;0;1;0;0;0;0;0;0;3;0;0;1;0
"22/12/2025";"05:37:56";"88";"Com vítima";"639,282";"BR-277/PR";"Crescente";"Choque";1;0;0;0;0;0;0;0;0;0;1;2;0;0;0
"22/12/2025";"06:50:22";"106";"Com vítima";"164,010";"BR-163/PR";"Crescente";"Atropelamento de pedestre";1;0;0;0;0;0;0;0;0;0;1;1;0;0;0
"22/12/2025";"09:29:38";"191";"Com vítima";"562,800";"BR-277/PR";"Crescente";"Capotamento";1;0;0;0;0;0;0;0;0;0;3;0;1;0;0
"22/12/2025";"12:10:32";"275";"Sem vítima";"591,700";"BR-277/PR";"Crescente";"Colisão traseira";2;0;0;0;0;0;0;0;0;0;6;0;0;0;0
"22/12/2025";"13:27:13";"297";"Sem vítima";"655,947";"BR-277/PR";"Crescente";"Colisão traseira";2;0;0;0;0;0;0;0;0;0;2;0;0;0;0
"22/12/2025";"13:28:58";"299";"Sem vítima";"516,500";"BR-277/PR";"Crescente";"Choque";1;0;0;0;0;0;0;0;0;0;1;0;0;0;0
"22/12/2025";"14:38:59";"320";"Com vítima";"139,200";"BR-163/PR";"Crescente";"Capotamento";0;0;0;0;0;0;0;0;0;1;1;0;1;0;0
"22/12/2025";"15:34:30";"351";"Com vítima";"138,100";"BR-163/PR";"Crescente";"Colisão traseira";0;0;1;1;0;0;0;0;0;0;1;0;0;0;1
"22/12/2025";"19:16:06";"403";"Sem vítima";"4,100";"483/PR";"Crescente";"Capotamento";1;0;0;0;0;0;0;0;0;0;0;0;0;0;0
"22/12/2025";"22:00:52";"434";"Com vítima";"491,100";"182/PR";"Crescente";"Colisão traseira";1;0;1;0;0;0;0;0;0;0;1;1;0;0;0
"23/12/2025";"00:35:57";"33";"Sem vítima";"334,100";"BR-277/PR";"Decrescente";"Colisão traseira";1;0;1;0;0;0;0;0;0;0;6;0;0;0;0
"23/12/2025";"02:37:33";"60";"Sem vítima";"187,010";"BR-163/PR";"Crescente";"Colisão traseira";1;0;1;0;0;0;0;0;0;0;2;0;0;0;0
"23/12/2025";"02:49:53";"61";"Sem vítima";"321,010";"BR-277/PR";"Crescente";"Acidentes de outra natureza";0;0;1;0;0;0;0;0;0;0;1;0;0;0;0
"23/12/2025";"05:35:35";"80";"Sem vítima";"458,930";"BR-277/PR";"Decrescente";"Choque";1;0;0;0;0;0;0;0;0;0;4;0;0;0;0
"23/12/2025";"08:21:48";"156";"Com vítima";"671,100";"BR-277/PR";"Decrescente";"Colisão traseira";1;0;0;1;0;0;0;0;0;0;1;1;0;0;0
"23/12/2025";"10:30:56";"226";"Sem vítima";"309,300";"BR-277/PR";"Decrescente";"Colisão traseira";2;0;0;0;0;0;0;0;0;0;2;0;0;0;0
"23/12/2025";"15:19:56";"317";"Com vítima";"596,365";"BR-277/PR";"Crescente";"Colisão traseira";6;0;1;0;0;0;0;0;0;0;0;14;1;0;0
"23/12/2025";"16:14:37";"332";"Sem vítima";"478,000";"BR-277/PR";"Crescente";"Acidentes de outra natureza";0;0;1;0;0;0;0;0;0;0;1;0;0;0;0
"23/12/2025";"17:00:18";"346";"Com vítima";"664,100";"BR-277/PR";"Crescente";"Saída de pista";1;0;0;0;0;0;0;0;0;0;0;1;1;0;0
"23/12/2025";"17:20:21";"352";"Sem vítima";"336,700";"BR-277/PR";"Decrescente";"Colisão traseira";1;0;1;0;0;0;0;0;0;0;3;0;0;0;0
"23/12/2025";"18:08:40";"361";"Com vítima";"252,010";"280/PR";"Crescente";"Colisão traseira";1;0;0;1;0;0;0;0;0;0;1;1;0;0;0
"23/12/2025";"21:29:36";"401";"Sem vítima";"662,200";"BR-277/PR";"Decrescente";"Saída de pista";1;0;0;0;0;0;0;0;0;0;1;0;0;0;0
"23/12/2025";"21:47:12";"402";"Sem vítima";"517,010";"182/PR";"Crescente";"Colisão traseira";2;0;0;0;0;0;0;0;0;0;4;0;0;0;0
"23/12/2025";"23:15:21";"423";"Com vítima";"430,600";"BR-277/PR";"Decrescente";"Colisão traseira";1;0;1;0;0;0;0;0;0;0;0;5;0;1;0
"24/12/2025";"00:05:21";"1";"Com vítima";"351,010";"BR-277/PR";"Crescente";"Colisão traseira";2;0;0;0;0;0;0;0;0;0;0;8;0;0;0
"24/12/2025";"00:10:29";"3";"Sem vítima";"503,010";"182/PR";"Crescente";"Colisão traseira";2;0;0;0;0;0;0;0;0;0;3;0;0;0;0
"24/12/2025";"01:00:06";"49";"Sem vítima";"451,100";"BR-277/PR";"Crescente";"Colisão traseira";2;0;0;0;0;0;0;0;0;0;5;0;0;0;0
"24/12/2025";"04:39:42";"74";"Com vítima";"629,000";"BR-277/PR";"Decrescente";"Capotamento";1;0;0;0;0;0;0;0;0;0;0;2;0;0;0
"24/12/2025";"06:07:07";"80";"Sem vítima";"235,800";"280/PR";"Crescente";"Capotamento";1;0;0;0;0;0;0;0;0;0;2;0;0;0;0
"24/12/2025";"08:21:07";"133";"Sem vítima";"507,505";"182/PR";"Decrescente";"Atropelamento de animal";1;0;0;0;0;0;0;0;0;0;1;0;0;0;0
"24/12/2025";"08:46:28";"141";"Com vítima";"689,200";"BR-277/PR";"Crescente";"Colisão traseira";0;0;0;1;0;0;0;0;0;1;2;1;1;0;0
"24/12/2025";"08:54:26";"145";"Com vítima";"592,700";"BR-277/PR";"Crescente";"Colisão traseira";1;0;0;1;0;0;0;0;0;0;6;2;0;0;0
"24/12/2025";"11:59:59";"233";"Sem vítima";"321,600";"BR-277/PR";"Decrescente";"Colisão traseira";1;0;0;1;0;0;0;0;0;0;2;0;0;0;0
"24/12/2025";"13:25:12";"252";"Com vítima";"408,100";"BR-277/PR";"Decrescente";"Capotamento";1;0;0;0;0;0;0;0;0;0;1;1;0;0;0
"24/12/2025";"16:11:23";"297";"Com vítima";"673,300";"BR-277/PR";"Decrescente";"Colisão traseira";2;0;0;0;0;0;0;0;0;0;5;2;0;0;0
"24/12/2025";"16:37:36";"303";"Com vítima";"341,940";"BR-277/PR";"Crescente";"Acidentes de outra natureza";1;0;0;0;0;0;0;0;0;0;0;0;0;0;1
"24/12/2025";"17:00:55";"307";"Com vítima";"497,083";"182/PR";"Decrescente";"Colisão traseira";3;0;0;0;0;0;0;0;0;0;0;1;1;1;5
"24/12/2025";"21:39:27";"367";"Com vítima";"431,821";"BR-277/PR";"Decrescente";"Saída de pista";0;0;0;1;0;0;0;0;0;0;0;0;1;0;0
"24/12/2025";"21:46:03";"369";"Sem vítima";"169,540";"BR-163/PR";"Crescente";"Capotamento";1;0;0;0;0;0;0;0;0;0;1;0;0;0;0
"24/12/2025";"23:42:53";"381";"Com vítima";"684,050";"BR-277/PR";"Decrescente";"Colisão traseira";1;0;1;0;0;0;0;0;0;0;2;1;0;0;0
"25/12/2025";"05:24:33";"86";"Sem vítima";"484,100";"BR-277/PR";"Decrescente";"Choque";1;0;0;0;0;0;0;0;0;0;1;0;0;0;0
"25/12/2025";"06:20:29";"88";"Com vítima";"142,010";"BR-163/PR";"Crescente";"Capotamento";1;0;0;0;0;0;0;0;0;0;0;1;0;0;0
"25/12/2025";"07:50:24";"107";"Com vítima";"441,700";"BR-277/PR";"Decrescente";"Capotamento";1;0;0;0;0;0;0;0;0;0;0;1;0;0;0
"25/12/2025";"14:05:39";"183";"Sem vítima";"338,100";"BR-277/PR";"Crescente";"Choque";1;0;0;0;0;0;0;0;0;0;1;0;0;0;0
"25/12/2025";"16:20:12";"207";"Com vítima";"134,010";"BR-163/PR";"Crescente";"Capotamento";1;0;0;0;0;0;0;0;0;0;0;1;0;0;0
"25/12/2025";"19:24:41";"254";"Sem vítima";"486,500";"BR-277/PR";"Crescente";"Acidentes de outra natureza";1;0;0;0;0;0;0;0;0;0;2;0;0;0;0
"26/12/2025";"04:20:31";"79";"Sem vítima";"537,438";"158/PR";"Decrescente";"Capotamento";1;0;0;0;0;0;0;0;0;0;1;0;0;0;0
"26/12/2025";"09:00:28";"181";"Com vítima";"332,305";"BR-277/PR";"Crescente";"Capotamento";1;0;0;0;0;0;0;0;0;0;0;2;0;0;0
"26/12/2025";"09:01:58";"183";"Sem vítima";"569,000";"BR-277/PR";"Crescente";"Colisão traseira";1;0;0;0;0;0;0;0;0;0;1;0;0;0;0
"26/12/2025";"09:33:20";"192";"Sem vítima";"489,720";"BR-277/PR";"Crescente";"Colisão traseira";0;0;0;0;0;0;0;0;0;1;1;0;0;0;0
"26/12/2025";"09:58:37";"203";"Sem vítima";"355,500";"BR-277/PR";"Crescente";"Colisão traseira";1;0;0;1;0;0;0;0;0;0;3;0;0;0;0
"26/12/2025";"10:27:10";"213";"Sem vítima";"515,900";"BR-277/PR";"Crescente";"Colisão traseira";1;0;0;0;0;0;0;0;0;0;1;0;0;0;0
"26/12/2025";"12:16:21";"258";"Sem vítima";"134,010";"BR-163/PR";"Crescente";"Choque";1;0;0;0;0;0;0;0;0;0;3;0;0;0;0
"26/12/2025";"12:19:43";"260";"Sem vítima";"589,000";"BR-277/PR";"Crescente";"Colisão traseira";1;0;1;0;0;0;0;0;0;0;2;0;0;0;0
"26/12/2025";"12:20:00";"261";"Sem vítima";"388,231";"BR-277/PR";"Crescente";"Acidentes de outra natureza";1;0;0;0;0;0;0;0;0;0;1;0;0;0;0
"26/12/2025";"14:21:13";"287";"Com vítima";"26,100";"483/PR";"Crescente";"Colisão traseira";1;0;0;1;0;0;0;0;0;0;1;1;0;0;0
"26/12/2025";"14:52:25";"293";"Sem vítima";"364,532";"BR-277/PR";"Decrescente";"Colisão traseira";1;0;0;0;0;0;0;0;0;0;2;0;0;0;0
"26/12/2025";"17:26:51";"338";"Sem vítima";"417,100";"BR-277/PR";"Crescente";"Colisão traseira";0;0;0;0;0;0;0;0;0;1;2;0;0;0;0
"26/12/2025";"17:27:32";"340";"Sem vítima";"517,100";"182/PR";"Decrescente";"Colisão traseira";0;0;1;0;0;0;0;0;0;1;2;0;0;0;0
"26/12/2025";"17:50:53";"348";"Sem vítima";"410,100";"BR-277/PR";"Decrescente";"Colisão traseira";0;0;0;0;0;0;0;0;0;2;4;0;0;0;0
"26/12/2025";"18:50:35";"354";"Sem vítima";"587,110";"BR-277/PR";"Crescente";"Choque";1;0;0;0;0;0;0;0;0;0;1;0;0;0;0
"26/12/2025";"18:54:12";"355";"Sem vítima";"26,200";"483/PR";"Decrescente";"Colisão traseira";0;0;0;0;0;0;0;0;0;2;4;0;0;0;0
"26/12/2025";"19:08:04";"359";"Com vítima";"154,500";"BR-163/PR";"Decrescente";"Colisão traseira";0;0;0;0;0;0;0;0;1;1;1;1;0;0;0
"26/12/2025";"20:35:25";"374";"Sem vítima";"485,500";"BR-277/PR";"Crescente";"Choque";1;0;0;0;0;0;0;0;0;0;1;0;0;0;0
"26/12/2025";"23:40:09";"395";"Com vítima";"643,500";"BR-277/PR";"Decrescente";"Colisão traseira";1;0;1;0;0;0;0;0;0;0;2;0;0;1;0
"27/12/2025";"06:50:43";"110";"Com vítima";"502,100";"180/PR";"Crescente";"Saída de pista";0;1;0;0;0;0;0;0;0;0;0;0;0;0;0
"27/12/2025";"08:21:36";"153";"Sem vítima";"499,500";"BR-277/PR";"Crescente";"Tombamento";0;0;1;0;0;0;0;0;0;0;0;0;0;0;0
"27/12/2025";"15:28:31";"274";"Com vítima";"381,354";"BR-277/PR";"Crescente";"Choque";1;0;0;0;0;0;0;0;0;0;0;1;0;0;0
"27/12/2025";"19:26:41";"332";"Com vítima";"584,010";"BR-277/PR";"Decrescente";"Acidentes de outra natureza";0;0;0;1;0;0;0;0;0;0;0;1;0;0;0
"27/12/2025";"20:34:47";"344";"Sem vítima";"393,800";"BR-277/PR";"Decrescente";"Colisão traseira";1;0;0;0;0;0;0;0;0;1;6;0;0;0;0
"27/12/2025";"20:50:22";"347";"Sem vítima";"141,320";"BR-163/PR";"Decrescente";"Choque";1;0;0;0;0;0;0;0;0;0;2;0;0;0;0
"28/12/2025";"01:30:46";"54";"Com vítima";"680,010";"BR-277/PR";"Crescente";"Capotamento";1;0;0;0;0;0;0;0;0;0;0;1;0;0;0
"28/12/2025";"06:25:22";"74";"Sem vítima";"584,000";"BR-277/PR";"Decrescente";"Colisão traseira";1;0;1;0;0;0;0;0;0;0;3;0;0;0;0
"28/12/2025";"08:22:15";"109";"Sem vítima";"326,300";"BR-277/PR";"Decrescente";"Colisão traseira";2;0;0;0;0;0;0;0;0;0;9;0;0;0;0
"28/12/2025";"08:58:06";"117";"Sem vítima";"325,000";"BR-277/PR";"Decrescente";"Colisão traseira";2;0;0;0;0;0;0;0;0;0;2;0;0;0;0
"28/12/2025";"10:14:40";"146";"Sem vítima";"183,100";"BR-163/PR";"Decrescente";"Acidentes de outra natureza";2;0;0;0;0;0;0;0;0;0;3;0;0;0;0
"28/12/2025";"11:11:54";"170";"Sem vítima";"328,850";"BR-277/PR";"Decrescente";"Colisão traseira";1;0;1;0;0;0;0;0;0;0;2;0;0;0;0
"28/12/2025";"13:46:04";"206";"Com vítima";"486,950";"BR-277/PR";"Crescente";"Choque";0;0;0;1;0;0;0;0;0;0;0;0;0;1;0
"28/12/2025";"17:28:43";"269";"Sem vítima";"487,500";"182/PR";"Decrescente";"Colisão traseira";2;0;0;0;0;0;0;0;0;0;3;0;0;0;0
"28/12/2025";"19:06:13";"295";"Com vítima";"718,010";"BR-277/PR";"Crescente";"Acidentes de outra natureza";0;0;0;1;0;0;0;0;0;0;0;2;0;0;0
"28/12/2025";"20:05:33";"312";"Sem vítima";"479,500";"182/PR";"Decrescente";"Tombamento";0;0;1;0;0;0;0;0;0;0;1;0;0;0;0
"28/12/2025";"20:22:12";"318";"Sem vítima";"660,100";"BR-277/PR";"Crescente";"Choque";1;0;0;0;0;0;0;0;0;0;1;0;0;0;0
"29/12/2025";"07:33:21";"108";"Com vítima";"168,230";"BR-163/PR";"Crescente";"Colisão traseira";2;0;0;0;0;0;0;0;0;0;1;1;0;0;0
"29/12/2025";"10:11:18";"198";"Com vítima";"421,100";"BR-277/PR";"Decrescente";"Colisão traseira";2;0;0;0;0;0;0;0;0;0;1;3;1;0;0
"29/12/2025";"12:40:50";"248";"Com vítima";"431,010";"BR-277/PR";"Crescente";"Capotamento";1;0;0;0;0;0;0;0;0;0;0;0;1;0;0
"29/12/2025";"15:21:50";"291";"Com vítima";"357,100";"BR-277/PR";"Decrescente";"Colisão traseira";2;0;0;0;0;0;0;0;0;0;0;4;2;0;0
"29/12/2025";"17:27:44";"326";"Com vítima";"722,197";"BR-277/PR";"Crescente";"Colisão traseira";2;0;0;0;0;0;0;0;0;0;1;1;0;0;0
"29/12/2025";"17:29:18";"327";"Sem vítima";"632,010";"BR-277/PR";"Decrescente";"Capotamento";0;0;0;0;0;0;0;0;0;1;1;0;0;0;0
"29/12/2025";"17:41:39";"335";"Sem vítima";"174,540";"BR-163/PR";"Decrescente";"Choque";1;0;0;0;0;0;0;0;0;0;5;0;0;0;0
"30/12/2025";"09:26:17";"187";"Com vítima";"494,900";"BR-277/PR";"Crescente";"Colisão traseira";1;0;0;1;0;0;0;0;0;0;3;0;0;1;0
"30/12/2025";"13:10:42";"255";"Sem vítima";"526,197";"182/PR";"Decrescente";"Tombamento";0;0;1;0;0;0;0;0;0;0;1;0;0;0;0
"30/12/2025";"18:16:32";"331";"Com vítima";"653,380";"BR-277/PR";"Decrescente";"Colisão traseira";1;0;0;1;0;0;0;0;0;0;1;1;0;0;0
"30/12/2025";"18:30:08";"336";"Sem vítima";"175,100";"BR-163/PR";"Decrescente";"Choque";1;0;0;0;0;0;0;0;0;0;4;0;0;0;0