data;horario;n_da_ocorrencia;tipo_de_ocorrencia;km;trecho;sentido;tipo_de_acidente;automovel;bicicleta;caminhao;moto;onibus;outros;tracao_animal;transporte_de_cargas_especiais;trator_maquinas;utilitarios;ilesos;levemente_feridos;moderadamente_feridos;gravemente_feridos;mortos
"31/12/2025";"06:48:58";"114";"Sem vítima";"613,300";"BR-277/PR";"Crescente";"Choque";1;0;0;0;0;0;0;0;0;0;1;0;0;0;0
"31/12/2025";"10:00:26";"194";"Com vítima";"416,513";"BR-277/PR";"Crescente";"Capotamento";1;0;0;0;0;0;0;0;0;0;3;0;1;0;0
"31/12/2025";"10:48:15";"204";"Com vítima";"250,100";"280/PR";"Decrescente";"Colisão traseira";1;1;0;0;0;0;0;0;0;0;1;0;0;0;0
"31/12/2025";"16:31:59";"265";"Sem vítima";"157,280";"BR-163/PR";"Decrescente";"Choque";1;0;0;0;0;0;0;0;0;0;2;0;0;0;0
"31/12/2025";"20:44:40";"309";"Sem vítima";"457,500";"BR-277/PR";"Crescente";"Choque";1;0;0;0;0;0;0;0;0;0;3;0;0;0;0
"31/12/2025";"21:00:45";"312";"Com vítima";"687,010";"BR-277/PR";"Decrescente";"Choque";1;0;0;0;0;0;0;0;0;0;1;1;0;0;0
"01/01/2026";"02:47:17";"57";"Com vítima";"664,400";"BR-277/PR";"Crescente";"Acidentes de outra natureza";0;0;0;1;0;0;0;0;0;0;0;1;0;0;0
"01/01/2026";"07:15:18";"77";"Com vítima";"567,436";"BR-277/PR";"Decrescente";"Capotamento";1;0;0;0;0;0;0;0;0;0;1;2;2;0;0
"01/01/2026";"10:48:14";"119";"Sem vítima";"502,010";"182/PR";"Decrescente";"Colisão traseira";2;0;0;0;0;0;0;0;0;0;6;0;0;0;0
"01/01/2026";"12:11:40";"135";"Sem vítima";"11,010";"483/PR";"Decrescente";"Choque";1;0;0;0;0;0;0;0;0;0;1;0;0;0;0
"01/01/2026";"14:42:34";"157";"Sem vítima";"501,920";"180/PR";"Decrescente";"Choque";0;0;0;0;0;0;0;0;0;1;2;0;0;0;0
"01/01/2026";"17:18:07";"195";"Sem vítima";"412,100";"BR-277/PR";"Crescente";"Acidentes de outra natureza";1;0;0;0;0;0;0;0;0;0;1;0;0;0;0
"01/01/2026";"18:06:21";"203";"Com vítima";"178,100";"BR-163/PR";"Crescente";"Capotamento";1;0;0;0;0;0;0;0;0;0;1;2;0;0;0
"01/01/2026";"19:13:50";"223";"Sem vítima";"399,010";"BR-277/PR";"Crescente";"Choque";1;0;0;0;0;0;0;0;0;0;4;0;0;0;0
"01/01/2026";"19:30:04";"229";"Sem vítima";"406,900";"BR-277/PR";"Crescente";"Choque";1;0;0;0;0;0;0;0;0;0;4;0;0;0;0
"01/01/2026";"19:57:25";"236";"Sem vítima";"487,010";"BR-277/PR";"Decrescente";"Choque";1;0;0;0;0;0;0;0;0;0;1;0;0;0;0
"02/01/2026";"07:32:52";"109";"Sem vítima";"529,380";"182/PR";"Decrescente";"Choque";1;0;0;0;0;0;0;0;0;0;1;0;0;0;0
"02/01/2026";"18:22:37";"335";"Sem vítima";"470,091";"BR-277/PR";"Decrescente";"Acidentes de outra natureza";0;0;0;1;0;0;0;0;0;0;1;0;0;0;0
"02/01/2026";"20:43:06";"363";"Com vítima";"129,208";"BR-163/PR";"Decrescente";"Tombamento";0;0;1;0;0;0;0;0;0;0;0;1;1;0;0
"03/01/2026";"01:38:45";"66";"Sem vítima";"473,464";"BR-277/PR";"Crescente";"Choque";1;0;0;0;0;0;0;0;0;0;1;0;0;0;0
"03/01/2026";"06:17:16";"111";"Sem vítima";"239,980";"280/PR";"Decrescente";"Colisão traseira";2;0;0;0;0;0;0;0;0;0;5;0;0;0;0
"03/01/2026";"08:19:00";"148";"Sem vítima";"669,100";"BR-277/PR";"Decrescente";"Colisão traseira";2;0;0;0;0;0;0;0;0;0;6;0;0;0;0
"03/01/2026";"10:47:51";"201";"Sem vítima";"138,617";"BR-163/PR";"Decrescente";"Colisão traseira";0;0;0;0;0;0;0;0;0;1;1;0;0;0;0
"03/01/2026";"15:58:04";"286";"Com vítima";"715,570";"BR-277/PR";"Decrescente";"Colisão traseira";1;0;0;0;1;0;0;0;0;0;4;2;0;0;0
"04/01/2026";"02:26:57";"76";"Sem vítima";"669,155";"BR-277/PR";"Decrescente";"Acidentes de outra natureza";1;0;0;0;0;0;0;0;0;0;1;0;0;0;0
"04/01/2026";"03:05:35";"80";"Sem vítima";"304,510";"BR-277/PR";"Crescente";"Choque";1;0;0;0;0;0;0;0;0;0;1;0;0;0;0
"04/01/2026";"06:13:48";"104";"Sem vítima";"495,100";"BR-277/PR";"Crescente";"Choque";1;0;0;0;0;0;0;0;0;0;4;0;0;0;0
"04/01/2026";"06:43:42";"111";"Com vítima";"671,100";"BR-277/PR";"Decrescente";"Colisão traseira";1;0;1;0;0;0;0;0;0;0;2;1;0;0;0
"04/01/2026";"07:41:45";"128";"Com vítima";"456,010";"BR-277/PR";"Decrescente";"Colisão traseira";2;0;0;0;0;0;0;0;0;0;2;1;0;0;0
"04/01/2026";"10:53:37";"175";"Sem vítima";"484,800";"BR-277/PR";"Decrescente";"Choque";1;0;0;0;0;0;0;0;0;0;1;0;0;0;0
"04/01/2026";"11:09:28";"176";"Sem vítima";"631,100";"BR-277/PR";"Decrescente";"Colisão traseira";2;0;0;0;0;0;0;0;0;0;6;0;0;0;0
"04/01/2026";"11:20:49";"180";"Sem vítima";"437,240";"BR-277/PR";"Decrescente";"Colisão traseira";2;0;0;0;0;0;0;0;0;0;4;0;0;0;0
"04/01/2026";"14:49:54";"213";"Sem vítima";"636,010";"BR-277/PR";"Decrescente";"Colisão traseira";2;0;0;0;0;0;0;0;0;0;7;0;0;0;0
"04/01/2026";"16:07:02";"228";"Com vítima";"642,100";"BR-277/PR";"Decrescente";"Acidentes de outra natureza";0;0;0;1;0;0;0;0;0;0;0;0;1;1;0
"04/01/2026";"16:34:27";"231";"Sem vítima";"324,160";"BR-277/PR";"Decrescente";"Colisão traseira";1;0;0;0;0;0;0;0;0;1;6;0;0;0;0
"04/01/2026";"16:59:42";"238";"Com vítima";"312,768";"BR-277/PR";"Decrescente";"Tombamento";0;0;1;0;0;0;0;0;0;0;0;0;0;1;1
"04/01/2026";"19:14:27";"278";"Sem vítima";"633,015";"BR-277/PR";"Crescente";"Colisão traseira";1;0;0;0;0;0;0;0;0;1;4;0;0;0;0
"04/01/2026";"19:49:49";"295";"Com vítima";"143,055";"BR-163/PR";"Crescente";"Capotamento";1;0;0;0;0;0;0;0;0;0;0;0;0;0;1
"05/01/2026";"07:41:14";"151";"Sem vítima";"637,100";"BR-277/PR";"Crescente";"Capotamento";1;0;0;0;0;0;0;0;0;0;1;0;0;0;0
"05/01/2026";"08:00:35";"161";"Sem vítima";"179,308";"BR-163/PR";"Decrescente";"Choque";0;0;0;0;0;0;0;0;0;1;2;0;0;0;0
"05/01/2026";"12:38:36";"253";"Com vítima";"637,950";"BR-277/PR";"Crescente";"Colisão traseira";0;0;1;0;1;0;0;0;0;0;14;4;0;0;0
"05/01/2026";"13:51:06";"270";"Sem vítima";"599,950";"BR-277/PR";"Crescente";"Tombamento";0;0;1;0;0;0;0;0;0;0;0;0;0;0;0
"05/01/2026";"15:19:24";"311";"Sem vítima";"491,156";"182/PR";"Decrescente";"Colisão traseira";1;0;0;0;0;0;0;0;0;0;2;0;0;0;0
"05/01/2026";"17:57:19";"350";"Sem vítima";"486,390";"BR-277/PR";"Decrescente";"Tombamento";0;0;1;0;0;0;0;0;0;0;1;0;0;0;0
"06/01/2026";"07:16:03";"110";"Com vítima";"539,100";"158/PR";"Crescente";"Saída de pista";0;0;0;1;0;0;0;0;0;0;0;1;0;0;0
"06/01/2026";"09:34:44";"192";"Sem vítima";"585,000";"BR-277/PR";"Decrescente";"Colisão traseira";1;0;1;0;0;0;0;0;0;0;2;0;0;0;0
"06/01/2026";"12:08:09";"251";"Sem vítima";"393,000";"BR-277/PR";"Decrescente";"Colisão traseira";0;0;1;0;0;0;0;0;0;1;2;0;0;0;0
"06/01/2026";"12:51:49";"266";"Sem vítima";"512,354";"BR-277/PR";"Crescente";"Colisão traseira";2;0;0;0;0;0;0;0;0;0;5;0;0;0;0
"06/01/2026";"15:51:27";"320";"Sem vítima";"596,500";"BR-277/PR";"Crescente";"Colisão traseira";0;0;0;0;0;0;0;0;0;2;4;0;0;0;0
"06/01/2026";"16:06:26";"324";"Sem vítima";"707,010";"BR-277/PR";"Crescente";"Colisão traseira";0;0;0;0;0;0;0;0;0;2;6;0;0;0;0
"06/01/2026";"21:48:33";"397";"Sem vítima";"687,500";"BR-277/PR";"Decrescente";"Colisão traseira";2;0;0;0;0;0;0;0;0;0;2;0;0;0;0
"07/01/2026";"06:39:38";"74";"Com vítima";"587,316";"BR-277/PR";"Crescente";"Tombamento";0;0;1;0;0;0;0;0;0;0;0;1;0;0;0
"07/01/2026";"07:14:50";"100";"Sem vítima";"541,100";"158/PR";"Decrescente";"Colisão traseira";1;0;0;0;0;0;0;0;0;1;2;0;0;0;0
"07/01/2026";"11:39:40";"230";"Sem vítima";"726,540";"BR-277/PR";"Crescente";"Tombamento";0;0;1;0;0;0;0;0;0;0;1;0;0;0;0
"07/01/2026";"14:55:14";"295";"Com vítima";"515,498";"182/PR";"Crescente";"Atropelamento de pedestre";1;0;1;0;0;0;0;0;0;0;2;1;0;0;0
"07/01/2026";"20:18:39";"380";"Com vítima";"487,855";"182/PR";"Decrescente";"Colisão traseira";1;0;1;0;0;0;0;0;0;1;1;1;2;0;1
"07/01/2026";"20:53:32";"387";"Sem vítima";"451,751";"BR-277/PR";"Crescente";"Atropelamento de animal";0;0;0;0;0;0;0;0;0;1;3;0;0;0;0
"07/01/2026";"23:15:29";"411";"Sem vítima";"493,400";"BR-277/PR";"Decrescente";"Atropelamento de animal";0;0;0;0;0;0;0;0;0;1;2;0;0;0;0
"07/01/2026";"23:41:53";"417";"Sem vítima";"493,500";"BR-277/PR";"Decrescente";"Atropelamento de animal";1;0;0;0;0;0;0;0;0;0;2;0;0;0;0
"08/01/2026";"08:12:58";"166";"Com vítima";"590,100";"BR-277/PR";"Decrescente";"Colisão traseira";0;0;0;1;0;0;0;0;0;1;0;1;0;1;1
"08/01/2026";"12:30:59";"270";"Sem vítima";"710,010";"BR-277/PR";"Decrescente";"Colisão traseira";1;0;0;0;0;0;0;0;0;0;1;0;0;0;0
"08/01/2026";"14:51:56";"304";"Sem vítima";"601,400";"BR-277/PR";"Decrescente";"Saída de pista";1;0;0;0;0;0;0;0;0;0;3;0;0;0;0
"08/01/2026";"16:21:48";"327";"Sem vítima";"700,010";"BR-277/PR";"Decrescente";"Colisão traseira";1;0;1;0;0;0;0;0;0;0;4;0;0;0;0
"08/01/2026";"21:31:20";"394";"Sem vítima";"345,003";"BR-277/PR";"Crescente";"Choque";1;0;0;0;0;0;0;0;0;0;2;0;0;0;0
"09/01/2026";"08:14:57";"152";"Sem vítima";"586,404";"BR-277/PR";"Decrescente";"Colisão traseira";1;0;0;0;0;0;0;0;0;2;3;0;0;0;0
"09/01/2026";"11:54:22";"268";"Sem vítima";"502,100";"182/PR";"Decrescente";"Colisão traseira";1;0;1;0;0;0;0;0;0;0;3;0;0;0;0
"09/01/2026";"13:35:59";"301";"Com vítima";"494,500";"BR-277/PR";"Crescente";"Colisão traseira";0;0;0;1;0;0;0;0;0;1;5;0;1;0;0
"09/01/2026";"14:34:02";"317";"Com vítima";"491,550";"BR-277/PR";"Crescente";"Choque";1;0;0;0;0;0;0;0;0;0;0;1;0;0;0
"09/01/2026";"14:58:06";"327";"Com vítima";"147,010";"BR-163/PR";"Crescente";"Capotamento";1;0;0;0;0;0;0;0;0;0;0;1;0;0;0
"09/01/2026";"16:46:55";"353";"Sem vítima";"509,540";"182/PR";"Decrescente";"Colisão traseira";1;0;1;0;0;0;0;0;0;0;0;0;0;0;0
"10/01/2026";"06:35:49";"73";"Sem vítima";"663,400";"BR-277/PR";"Decrescente";"Choque";0;0;0;0;0;0;0;0;0;1;1;0;0;0;0
"10/01/2026";"06:39:29";"72";"Sem vítima";"587,500";"BR-277/PR";"Crescente";"Choque";1;0;0;0;0;0;0;0;0;0;1;0;0;0;0
"10/01/2026";"08:20:06";"122";"Sem vítima";"661,920";"BR-277/PR";"Crescente";"Choque";1;0;0;0;0;0;0;0;0;0;2;0;0;0;0
"10/01/2026";"10:01:20";"179";"Sem vítima";"622,400";"BR-277/PR";"Decrescente";"Acidentes de outra natureza";0;0;0;1;0;0;0;0;0;0;2;0;0;0;0
"10/01/2026";"11:36:25";"204";"Sem vítima";"588,158";"BR-277/PR";"Decrescente";"Choque";1;0;0;0;0;0;0;0;0;0;2;0;0;0;0
"10/01/2026";"13:03:52";"290";"Sem vítima";"187,010";"BR-163/PR";"Decrescente";"Choque";1;0;0;0;0;0;0;0;0;0;2;0;0;0;0
"10/01/2026";"14:46:58";"306";"Sem vítima";"657,700";"BR-277/PR";"Decrescente";"Colisão traseira";2;0;0;0;1;0;0;0;0;1;42;0;0;0;0
"10/01/2026";"15:14:51";"311";"Sem vítima";"236,300";"280/PR";"Decrescente";"Acidentes de outra natureza";1;0;0;0;0;0;0;0;0;0;3;0;0;0;0
"10/01/2026";"21:17:03";"390";"Sem vítima";"587,010";"BR-277/PR";"Crescente";"Choque";1;0;0;0;0;0;0;0;0;0;1;0;0;0;0
"11/01/2026";"01:41:31";"46";"Sem vítima";"691,700";"BR-277/PR";"Decrescente";"Choque";1;0;0;0;0;0;0;0;0;0;1;0;0;0;0
"11/01/2026";"04:10:48";"61";"Sem vítima";"672,660";"BR-277/PR";"Crescente";"Choque";1;0;0;0;0;0;0;0;0;0;1;0;0;0;0
"11/01/2026";"05:42:28";"69";"Sem vítima";"667,000";"BR-277/PR";"Crescente";"Choque";0;0;0;0;0;0;0;0;0;1;1;0;0;0;0
"11/01/2026";"08:55:42";"140";"Sem vítima";"594,950";"BR-277/PR";"Crescente";"Choque";1;0;0;0;0;0;0;0;0;0;2;0;0;0;0
"11/01/2026";"16:23:53";"282";"Com vítima";"487,430";"BR-277/PR";"Crescente";"Choque";1;0;0;0;0;0;0;0;0;0;1;1;1;0;0
"11/01/2026";"19:09:25";"325";"Sem vítima";"124,000";"BR-163/PR";"Crescente";"Acidentes de outra natureza";1;0;0;0;0;0;0;0;0;0;1;0;0;0;0
"11/01/2026";"20:42:41";"344";"Com vítima";"676,900";"BR-277/PR";"Crescente";"Atropelamento de pedestre";1;0;0;0;0;0;0;0;0;0;1;1;0;0;0
"11/01/2026";"22:14:26";"355";"Com vítima";"571,100";"BR-277/PR";"Crescente";"Acidentes de outra natureza";0;0;1;0;0;0;0;0;0;0;0;1;0;0;0
"11/01/2026";"23:58:49";"371";"Sem vítima";"583,100";"BR-277/PR";"Crescente";"Atropelamento de animal";1;0;0;0;0;0;0;0;0;0;2;0;0;0;0
"12/01/2026";"00:00:06";"1";"Com vítima";"603,100";"BR-277/PR";"Decrescente";"Acidentes de outra natureza";0;0;0;0;0;0;0;1;0;0;0;1;0;0;0
"12/01/2026";"09:22:17";"178";"Com vítima";"705,600";"BR-277/PR";"Crescente";"Acidentes de outra natureza";0;0;0;1;0;0;0;0;0;0;0;1;0;0;0
"12/01/2026";"10:42:46";"227";"Sem vítima";"535,010";"158/PR";"Crescente";"Colisão traseira";2;0;0;0;0;0;0;0;0;0;3;0;0;0;0
"12/01/2026";"10:54:21";"234";"Sem vítima";"417,260";"BR-277/PR";"Crescente";"Choque";0;0;0;0;0;0;0;1;0;0;1;0;0;0;0
"12/01/2026";"12:00:11";"257";"Sem vítima";"596,100";"BR-277/PR";"Crescente";"Colisão traseira";0;0;0;0;0;0;0;0;0;3;5;0;0;0;0
"12/01/2026";"15:20:02";"310";"Sem vítima";"326,100";"BR-277/PR";"Crescente";"Acidentes de outra natureza";1;0;0;0;0;0;0;0;0;0;0;0;0;0;0
"12/01/2026";"16:23:07";"330";"Sem vítima";"674,010";"BR-277/PR";"Crescente";"Colisão traseira";1;0;1;0;0;0;0;0;0;0;4;0;0;0;0
"12/01/2026";"16:45:54";"336";"Sem vítima";"730,010";"BR-277/PR";"Crescente";"Colisão traseira";1;0;0;0;0;0;0;0;0;1;3;0;0;0;0
"12/01/2026";"17:07:22";"342";"Sem vítima";"7,010";"483/PR";"Crescente";"Colisão traseira";1;0;0;0;0;0;0;1;0;0;1;0;0;0;0
"12/01/2026";"17:39:38";"347";"Sem vítima";"664,155";"BR-277/PR";"Decrescente";"Capotamento";0;0;0;0;0;0;0;0;0;1;1;0;0;0;0
"13/01/2026";"04:59:13";"90";"Sem vítima";"560,710";"BR-277/PR";"Crescente";"Acidentes de outra natureza";1;0;0;0;0;0;0;0;0;0;2;0;0;0;0
"13/01/2026";"06:53:34";"112";"Com vítima";"376,813";"BR-277/PR";"Crescente";"Tombamento";0;0;1;0;0;0;0;0;0;0;0;1;0;0;0
"13/01/2026";"10:04:56";"227";"Com vítima";"248,200";"280/PR";"Crescente";"Colisão traseira";1;0;0;1;0;0;0;0;0;0;2;1;0;0;0
"13/01/2026";"11:15:11";"261";"Sem vítima";"489,395";"BR-277/PR";"Decrescente";"Tombamento";0;0;1;0;0;0;0;0;0;0;1;0;0;0;0
"13/01/2026";"14:31:25";"318";"Sem vítima";"492,493";"182/PR";"Decrescente";"Colisão traseira";1;0;1;0;0;0;0;0;0;0;4;0;0;0;0
"13/01/2026";"15:17:11";"331";"Com vítima";"305,000";"BR-277/PR";"Decrescente";"Colisão traseira";1;0;0;1;0;0;0;0;0;0;1;0;0;1;0
"13/01/2026";"15:52:47";"337";"Com vítima";"594,010";"BR-277/PR";"Decrescente";"Colisão traseira";0;0;1;0;0;0;0;0;0;0;0;1;0;0;0
"13/01/2026";"17:38:14";"367";"Sem vítima";"248,110";"280/PR";"Crescente";"Colisão traseira";2;0;0;0;0;0;0;0;0;0;6;0;0;0;0
"13/01/2026";"23:04:13";"440";"Sem vítima";"730,999";"BR-277/PR";"Crescente";"Colisão traseira";1;0;0;0;0;0;0;0;0;1;6;0;0;0;0
"14/01/2026";"05:23:38";"96";"Sem vítima";"362,912";"BR-277/PR";"Decrescente";"Colisão traseira";0;0;1;0;0;0;0;0;0;0;1;0;0;0;0
"14/01/2026";"06:48:08";"112";"Sem vítima";"652,134";"BR-277/PR";"Decrescente";"Colisão traseira";2;0;0;0;0;0;0;0;0;0;3;0;0;0;0
"14/01/2026";"08:30:54";"177";"Com vítima";"591,559";"BR-277/PR";"Decrescente";"Acidentes de outra natureza";0;0;0;1;0;0;0;0;0;0;0;1;0;0;0
"14/01/2026";"09:41:10";"219";"Com vítima";"509,382";"182/PR";"Decrescente";"Colisão traseira";1;0;0;0;0;0;0;0;0;1;1;1;0;0;0
"14/01/2026";"11:06:14";"243";"Com vítima";"160,481";"BR-163/PR";"Crescente";"Colisão traseira";0;0;1;0;0;0;0;0;0;1;2;1;0;0;0
"14/01/2026";"12:00:23";"267";"Sem vítima";"509,200";"182/PR";"Decrescente";"Colisão traseira";0;0;0;1;0;0;0;0;0;1;0;0;0;0;0
"14/01/2026";"17:37:04";"377";"Sem vítima";"0,001";"483/PR";"Crescente";"Tombamento";0;0;0;0;0;0;0;1;0;0;3;0;0;0;0
"14/01/2026";"18:11:39";"386";"Sem vítima";"626,300";"BR-277/PR";"Decrescente";"Colisão traseira";1;0;0;0;0;0;0;0;0;0;1;0;0;0;0
"14/01/2026";"18:45:03";"397";"Com vítima";"702,300";"BR-277/PR";"Decrescente";"Capotamento";1;0;0;0;0;0;0;0;0;0;1;2;0;1;0
"15/01/2026";"14:50:10";"311";"Com vítima";"391,842";"BR-277/PR";"Decrescente";"Colisão traseira";1;0;0;0;0;0;0;0;0;1;0;0;3;0;0
"15/01/2026";"15:34:59";"325";"Sem vítima";"137,014";"BR-163/PR";"Decrescente";"Colisão traseira";2;0;0;0;0;0;0;0;0;0;6;0;0;0;0
"15/01/2026";"15:52:42";"331";"Com vítima";"600,200";"BR-277/PR";"Crescente";"Capotamento";1;0;0;0;0;0;0;0;0;0;0;1;0;0;0
"15/01/2026";"16:03:35";"334";"Sem vítima";"644,500";"BR-277/PR";"Crescente";"Colisão traseira";1;0;1;0;0;0;0;0;0;0;3;0;0;0;0
"15/01/2026";"18:02:51";"355";"Sem vítima";"712,010";"BR-277/PR";"Decrescente";"Choque";1;0;0;0;0;0;0;0;0;0;1;0;0;0;0
"15/01/2026";"19:05:33";"366";"Sem vítima";"245,200";"280/PR";"Crescente";"Colisão traseira";2;0;0;0;0;0;0;0;0;0;4;0;0;0;0
"16/01/2026";"04:29:08";"84";"Sem vítima";"674,500";"BR-277/PR";"Crescente";"Choque";1;0;0;0;0;0;0;0;0;0;1;0;0;0;0
"16/01/2026";"07:45:21";"135";"Com vítima";"605,500";"BR-277/PR";"Crescente";"Capotamento";1;0;0;0;0;0;0;0;0;0;0;1;0;0;0
"16/01/2026";"10:19:25";"237";"Com vítima";"610,619";"BR-277/PR";"Crescente";"Colisão traseira";1;0;1;0;0;0;0;0;0;0;0;1;2;1;1
"16/01/2026";"14:21:59";"312";"Com vítima";"1,100";"483/PR";"Crescente";"Colisão traseira";1;0;1;0;0;0;0;0;0;0;4;1;0;0;0
"16/01/2026";"18:50:59";"382";"Sem vítima";"414,081";"BR-277/PR";"Crescente";"Atropelamento de animal";1;0;0;0;0;0;0;0;0;0;3;0;0;0;0
"17/01/2026";"00:30:44";"8";"Com vítima";"586,620";"BR-277/PR";"Crescente";"Tombamento";0;0;1;0;0;0;0;0;0;0;1;1;0;0;0
"17/01/2026";"09:46:20";"211";"Com vítima";"575,500";"BR-277/PR";"Decrescente";"Acidentes de outra natureza";0;0;0;1;0;0;0;0;0;0;0;2;0;0;0
"17/01/2026";"11:39:59";"248";"Com vítima";"694,200";"BR-277/PR";"Crescente";"Acidentes de outra natureza";0;0;0;1;0;0;0;0;0;0;1;1;0;0;0
"17/01/2026";"12:19:09";"258";"Com vítima";"317,100";"BR-277/PR";"Decrescente";"Choque";1;0;0;0;0;0;0;0;0;0;1;4;0;0;0
"17/01/2026";"14:53:23";"299";"Sem vítima";"9,500";"483/PR";"Decrescente";"Colisão traseira";2;0;0;0;0;0;0;0;0;0;6;0;0;0;0
"17/01/2026";"14:59:09";"300";"Sem vítima";"152,010";"BR-163/PR";"Decrescente";"Acidentes de outra natureza";1;0;0;0;0;0;0;0;0;0;3;0;0;0;0
"17/01/2026";"15:36:29";"312";"Sem vítima";"590,337";"BR-277/PR";"Decrescente";"Colisão traseira";1;0;0;0;0;0;0;0;0;1;4;0;0;0;0
"17/01/2026";"15:57:08";"318";"Com vítima";"718,640";"BR-277/PR";"Decrescente";"Capotamento";0;0;0;0;0;0;0;0;0;1;1;1;0;0;0
"17/01/2026";"17:30:02";"342";"Com vítima";"436,279";"BR-277/PR";"Decrescente";"Choque";1;0;0;0;0;0;0;0;0;0;0;3;1;0;0
"17/01/2026";"18:04:36";"351";"Com vítima";"506,760";"BR-277/PR";"Crescente";"Choque";0;0;0;0;0;0;0;0;0;1;0;0;0;0;1
"17/01/2026";"20:28:58";"390";"Sem vítima";"158,300";"BR-163/PR";"Crescente";"Acidentes de outra natureza";1;0;0;0;0;0;0;0;0;0;1;0;0;0;0
"17/01/2026";"20:42:43";"393";"Com vítima";"247,200";"280/PR";"Crescente";"Capotamento";1;0;0;0;0;0;0;0;0;0;1;1;0;0;0
"17/01/2026";"21:35:14";"400";"Com vítima";"468,500";"182/PR";"Decrescente";"Colisão traseira";1;0;0;0;0;0;0;0;0;1;2;1;0;0;0
"18/01/2026";"00:10:07";"6";"Sem vítima";"596,527";"BR-277/PR";"Crescente";"Acidentes de outra natureza";0;0;0;0;0;1;0;0;0;0;0;0;0;0;0
"18/01/2026";"00:13:36";"7";"Sem vítima";"723,360";"BR-277/PR";"Decrescente";"Capotamento";1;0;0;0;0;0;0;0;0;0;1;0;0;0;0
"18/01/2026";"02:14:48";"56";"Sem vítima";"453,820";"BR-277/PR";"Decrescente";"Acidentes de outra natureza";1;0;0;0;0;0;0;0;0;0;1;0;0;0;0
"18/01/2026";"08:42:51";"156";"Sem vítima";"307,010";"BR-277/PR";"Decrescente";"Choque";0;0;0;0;0;0;0;0;0;1;2;0;0;0;0
"18/01/2026";"13:23:01";"245";"Com vítima";"622,510";"BR-277/PR";"Crescente";"Colisão traseira";1;0;0;0;0;0;0;0;0;0;1;1;0;0;0
"18/01/2026";"14:14:11";"253";"Sem vítima";"664,417";"BR-277/PR";"Decrescente";"Colisão traseira";1;0;0;0;0;0;0;0;0;1;3;0;0;0;0
"18/01/2026";"17:20:09";"300";"Sem vítima";"404,500";"BR-277/PR";"Crescente";"Choque";1;0;0;0;0;0;0;0;0;0;1;0;0;0;0
"18/01/2026";"20:24:15";"344";"Sem vítima";"439,010";"BR-277/PR";"Crescente";"Choque";1;0;0;0;0;0;0;0;0;0;3;0;0;0;0
"18/01/2026";"22:18:22";"367";"Sem vítima";"336,100";"BR-277/PR";"Crescente";"Acidentes de outra natureza";0;0;0;0;0;0;0;0;0;1;1;0;0;0;0
"19/01/2026";"06:55:22";"102";"Com vítima";"491,809";"182/PR";"Crescente";"Colisão traseira";2;0;0;0;0;0;0;0;0;0;1;1;0;1;0
"19/01/2026";"07:14:02";"110";"Sem vítima";"626,400";"BR-277/PR";"Decrescente";"Colisão traseira";2;0;0;0;0;0;0;0;0;0;5;0;0;0;0
"19/01/2026";"07:45:43";"126";"Com vítima";"725,000";"BR-277/PR";"Crescente";"Colisão traseira";2;0;0;0;0;0;0;0;0;0;2;1;0;0;0
"19/01/2026";"10:49:10";"231";"Com vítima";"124,350";"BR-163/PR";"Crescente";"Acidentes de outra natureza";0;0;0;1;0;0;0;0;0;0;1;0;1;0;0
"19/01/2026";"12:01:15";"267";"Sem vítima";"308,300";"BR-277/PR";"Decrescente";"Acidentes de outra natureza";0;0;1;0;0;0;0;0;0;0;1;0;0;0;0
"19/01/2026";"17:58:04";"372";"Sem vítima";"665,010";"BR-277/PR";"Crescente";"Acidentes de outra natureza";1;0;0;0;0;0;0;0;0;0;1;0;0;0;0